2882,http://a5.mzstatic.com/us/r1000/052/Purple/59/c1/c7/mzl.folgegnv.75x75-65.jpg,http://a1.mzstatic.com/us/r30/Purple/v4/46/4c/34/464c34a0-4f07-d2d7-bc4f-f218d6fa441d/icon_75.png,same,0,3
2250,http://a1.mzstatic.com/us/r1000/031/Purple/30/a6/4a/mzi.ehnazber.75x75-65.jpg,http://a1.mzstatic.com/us/r30/Purple/v4/64/55/e5/6455e59a-581f-128f-25fb-2ad658b13d4e/icon_75.png,same,2,0
1896,https://lh3.googleusercontent.com/tziYKhXvcoMmPFioKF4fFv9NL_6r_Cv-7XWS6kDjqDSMfeiE37yS576Yn7OaeHLVuQ=w300,https://lh3.googleusercontent.com/fmPy2Y2l6B8Hzins5FUYFZxRXbhj0wE3pOgCCVsXvzIm4BbOZVMkKe-tiT9Mh4v_fxXf=w300,different,26,26
1435,https://lh3.googleusercontent.com/blz0546Dmw_9Z16KgDWWLo3OU_i_leFv6KoqBVjJhSGzqZQtKUO7ysccnpZ_z4Ewl0A=w300,https://lh3.googleusercontent.com/xWHin99eRC2Wgbok-6N1-3cyIT_XMWLTNIVd7Od3u1IpcIhh2nRi4yjPC4XII19G0sq3=w300,different,23,20
418,http://ecx.images-amazon.com/images/I/81Jz5EMtCEL.png,http://ecx.images-amazon.com/images/I/91PsF29zgdL.png,different,25,19
3734,http://a5.mzstatic.com/us/r1000/057/Purple/20/e4/cf/mzl.ihfxpqfw.75x75-65.jpg,http://a3.mzstatic.com/us/r30/Purple/v4/dd/1d/f9/dd1df90c-e6ac-c44f-8e3f-0b072e59e4e2/icon_75.png,same,1,1
844,http://ecx.images-amazon.com/images/I/31PTHvXJcpL.png,http://ecx.images-amazon.com/images/I/21JynOAnPdL.png,different,28,36
192,http://ecx.images-amazon.com/images/I/81Yc-VsdMHL.png,http://ecx.images-amazon.com/images/I/811vgYsjNEL.png,different,9,9
2481,http://a1.mzstatic.com/us/r1000/100/Purple/c9/13/4c/mzl.lcbiacnz.75x75-65.jpg,http://a4.mzstatic.com/us/r30/Purple/v4/ec/19/ee/ec19ee02-7ff3-5271-33af-9ee74c92d303/icon_75.png,same,0,0
1943,https://lh5.ggpht.com/3YCz5ybHf9GzvJDRCaPw0bQapEmStMNP2FC-eAJ8qwYyAgV7VBLThOz_QvxrsK_KEqem=w300,https://lh3.googleusercontent.com/APRsR2j8ZvuMV4Qx-JivpItqiT0rrUfNNOg41E7f3twyD08YC_yNylszTquP_YRC5YA=w300,different,59,55
2292,http://a1.mzstatic.com/us/r1000/046/Purple/ab/d5/78/mzl.qboodgvf.75x75-65.jpg,http://a3.mzstatic.com/us/r30/Purple/v4/c1/3c/5d/c13c5dfc-3b69-763c-bb0d-c5ec9fdcfc50/icon_75.png,same,0,0
1243,https://lh3.googleusercontent.com/Nfg0rKx3e5JA6pQgF0DoKCzM7lL_H3RM3hALV5E7gUSLe5fdBABbLaVObZL0nB4brJA=w300,https://lh3.googleusercontent.com/aU5fGGtQl3yjAIdi_FUNT_Wel_4ZqjjqfOAl_7Iv5Ej2smQ0ENccDdTl0yC0mkSZN9A=w300,different,35,20
1029,https://lh3.googleusercontent.com/HP_tv-ItsllcCMUdInG53fRegYXzTZA_GIaWEtgv_QJkqcCoIzwTutjJiPts9xmv9MQ=w300,https://lh3.googleusercontent.com/tX9J2shRa5DpYOFVvoGTYeubUaUYd0FAMM696q8Mmu0S1-GH46SrRzxsjNobjTVlFa4W=w300,different,36,47
2122,http://a1.mzstatic.com/us/r1000/083/Purple/v4/2e/51/c4/2e51c48b-03c5-c3d4-dbbd-ac5ebbed7eb4/mzl.xscmghcr.75x75-65.jpg,http://a3.mzstatic.com/us/r30/Purple/v4/87/c9/b0/87c9b007-1218-35a3-31da-1798eddbadac/icon_75.png,same,1,0
3897,http://a1.mzstatic.com/us/r1000/019/Purple/e2/10/73/mzl.xeyfxqao.75x75-65.jpg,http://a1.mzstatic.com/us/r30/Purple/v4/c2/8b/d4/c28bd4a8-6d92-eb8a-2b25-77f81d9ad894/icon_75.png,same,0,0
1423,https://lh3.googleusercontent.com/M5jX6WmBEVDEcI-ZPtKpbyjXyz-zVzBRLmdykq3ebjStDZOM_viu7gkf2T6MLuVZqw=w300,https://lh3.googleusercontent.com/1jNQdQ3LxZxskeBF6ZIPRO2meu1bravBfVV1-vCAyWL8B5uV7S3PGhH1Uos0_eNr-GD8=w300,different,26,23
3241,http://a1.mzstatic.com/us/r1000/061/Purple/v4/6c/3e/f0/6c3ef019-a257-adfa-79cf-8640d7d64709/mzl.hwltoeus.75x75-65.jpg,http://a1.mzstatic.com/us/r30/Purple/v4/24/d9/73/24d9738a-bcda-ec26-0a97-9083ef4afce5/icon_75.png,same,0,0
3087,http://a2.mzstatic.com/us/r1000/030/Purple/96/bc/16/mzl.gyspilbv.75x75-65.jpg,http://a1.mzstatic.com/us/r30/Purple/v4/26/09/31/260931e6-d8e6-a789-1d82-db30af1892bd/icon_75.png,same,0,0
3150,http://a5.mzstatic.com/us/r1000/020/Purple/ab/53/ca/mzi.srjkoovk.75x75-65.jpg,http://a4.mzstatic.com/us/r30/Purple/v4/e1/70/79/e1707971-becb-53bf-5654-b8e30c99808f/icon_75.png,same,0,0
2301,http://a4.mzstatic.com/us/r1000/057/Purple/59/22/98/mzl.gcozshxr.75x75-65.jpg,http://a2.mzstatic.com/us/r30/Purple/v4/86/b7/89/86b789d4-bdce-b64f-06b1-db2bd8712dc1/icon_75.png,same,1,3
1422,https://lh5.ggpht.com/-KlSxh7Ycd5pEzLeomDYXTDC6XWjLTe6oqwvjjv-6ZoWCmWvDpsCISMsbYE7fz4neA=w300,https://lh3.googleusercontent.com/JVtleWQW4BqJWDd_x1GFIR_btNCUV8PX0pIi7Woi6z3f9sJ88ikudfQlWyAIprlUfMw=w300,different,17,4
1915,https://lh3.googleusercontent.com/NU2LksMAJgu2MSDSroDJPmGGpc1Ghv4pWwLmeHytKMWHP6z5ERebI5QF_TOqDyK8Hg=w300,https://lh3.googleusercontent.com/HLQbdrcpVpVK4aYU0N7FTJG4sWHsiLaZpf9dFXFVQRX7oeGQ1q9VKvFk7j-vk2-RqA=w300,different,37,34
3275,http://a5.mzstatic.com/us/r1000/001/Purple/42/5a/35/mzi.vbgdduyu.75x75-65.jpg,http://a1.mzstatic.com/us/r30/Purple/v4/76/0d/3e/760d3e71-7ccf-d185-e561-37a3cdf2495c/icon_75.png,same,0,1
439,http://ecx.images-amazon.com/images/I/71om-L4-tCL.png,http://ecx.images-amazon.com/images/I/61H4hqaFe6L.png,different,37,30
3546,http://a3.mzstatic.com/us/r1000/113/Purple/v4/21/7e/dd/217edd3d-4050-00e2-dc43-ab59a468e757/mzl.bnilooht.75x75-65.jpg,http://a5.mzstatic.com/us/r30/Purple/v4/65/31/5b/65315b39-d3fb-4af1-addf-c67c2fc89856/icon_75.png,different,10,1
667,http://ecx.images-amazon.com/images/I/51yJyKBsy4L.png,http://ecx.images-amazon.com/images/I/71sg9Xy2k4L.png,different,33,33
232,http://ecx.images-amazon.com/images/I/81AhlZwepmL.png,http://ecx.images-amazon.com/images/I/81xxspcYMZL.png,different,29,26
2969,http://a1.mzstatic.com/us/r1000/058/Purple/44/c5/51/mzi.ovxnsbsp.75x75-65.jpg,http://a4.mzstatic.com/us/r30/Purple/v4/b0/aa/bc/b0aabc6a-59e5-4ddf-00a3-f1bcff893ba6/icon_75.png,same,0,2
1191,https://lh3.googleusercontent.com/H2-C9wloSG9lDNpX4w46wmUw2aKOiFtOK20ZETlk9wk28uS0-rnmwJCZ3XQQtGDIiYY=w300,https://lh3.googleusercontent.com/-tdzw3zcnyUEDTPEc6GbQ90nymYCPQwILPMHmvFa2ah0H9F9ULg0tjHPkpBBQNJiIc8=w300,different,19,22
2758,http://a5.mzstatic.com/us/r1000/058/Purple/18/f5/15/mzi.jesygvgg.75x75-65.jpg,http://a5.mzstatic.com/us/r30/Purple/v4/a3/10/19/a3101967-3d10-7bdb-ecdf-73be66a8ac0a/icon_75.png,same,0,1
2032,http://a4.mzstatic.com/us/r1000/037/Purple/4d/2c/cd/mzl.lvcufxaw.75x75-65.jpg,http://a4.mzstatic.com/us/r30/Purple/v4/d0/f8/c0/d0f8c084-ac93-f5c0-3ece-926d9a1757c2/icon_75.png,same,0,0
3065,http://a3.mzstatic.com/us/r1000/005/Purple/82/d1/f2/mzi.oeukxcft.75x75-65.jpg,http://a3.mzstatic.com/us/r30/Purple/v4/c6/4e/64/c64e64e1-b9b3-46e3-9e79-7a569f3cf1e0/icon_75.png,same,1,0
1613,https://lh5.ggpht.com/8jigmZ2PUmJe16Q8Ilul00LXYU1RU63l2cfexHqsC1TqBuFKaBRJ7aJgXAAH2mNVFHjk=w300,https://lh3.googleusercontent.com/mLWcxqginwvpAmBThoK6fRfm-XTeHwScU-rJR2yHvyZlfL1dH-c04p6l8iVrnBgeIQ=w300,different,26,17
1465,https://lh3.googleusercontent.com/dvTQV77pDpNZVjx-J2Yi_XEdxEVLoheEJWhS3KS1caBpHQCpc__fote1ajsIJAx3ngs=w300,https://lh3.googleusercontent.com/o3e_ree2xjlxZrmM9BzHmus3M2N2Jv81A0bVPcgnaJirZQvYS5J4TuhN0-3v0f9f5MIW=w300,different,11,9
3171,http://a5.mzstatic.com/us/r1000/057/Purple/e6/b7/d1/mzl.rdaeedgp.75x75-65.jpg,http://a1.mzstatic.com/us/r30/Purple/v4/09/1f/2b/091f2bf5-efe0-9865-84e6-22f1608e6b46/icon_75.png,same,0,0
307,http://ecx.images-amazon.com/images/I/81xNKExlsdL.png,http://ecx.images-amazon.com/images/I/91LHXuwzlQL.png,different,30,28
1816,https://lh3.googleusercontent.com/LapwqQmO75Rtf2BB8VYrTJp-TqrKJoQR-k1G7fQKMM5L0pWS3S6YDYTJCd7EI5AwZiI=w300,https://lh3.googleusercontent.com/ixJ11-F59x6foJ_0gKANcK5Teqi79JfcD9oj0qQ0uBg71pX7NZ-dmNn8JcCzOnga6nA=w300,different,33,20
3429,http://a1.mzstatic.com/us/r1000/022/Purple/a4/91/23/mzi.sraiodxf.75x75-65.jpg,http://a3.mzstatic.com/us/r30/Purple/v4/8c/a0/65/8ca065ce-d4ad-c4b5-861b-a5dc6bf30f64/icon_75.png,same,0,1
3874,http://a5.mzstatic.com/us/r1000/085/Purple/fe/99/03/mzl.ahzgxdws.75x75-65.jpg,http://a3.mzstatic.com/us/r30/Purple/v4/dc/d4/41/dcd4411e-365e-dfb1-7d76-bb9081e98471/icon_75.png,same,1,3
1256,https://lh3.googleusercontent.com/u1ojeJnXeaivERxnL2sQuRzDph2gxSN99WFKiBbX0hyTsBvzObHZ2Yb9Yaxj7OeE1to=w300,https://lh3.googleusercontent.com/wl6Pq40za_THmfhRW20dcbgNp2askscIyCDB3zHrptcQmEcvuhJwVRh6Li06y2f6eQ=w300,different,18,12
494,http://ecx.images-amazon.com/images/I/8120%2B6aTwIL.png,http://ecx.images-amazon.com/images/I/51Cu6VM0QqL.png,different,33,25
2768,http://a3.mzstatic.com/us/r1000/117/Purple/v4/b6/d4/7e/b6d47e2f-62f7-e579-38f0-0a37d5e3a114/mzl.ectifpim.75x75-65.jpg,http://a2.mzstatic.com/us/r30/Purple/v4/42/dc/ae/42dcae56-84d3-dc0d-7ca4-28fb5c34193d/icon_75.png,same,0,2
1367,https://lh3.googleusercontent.com/JkENpPuQScF8glF-iGCX_BamkSbLf5Rmjs1hz17FH6h85_9_f0NgodTPbcikhnGQLQ=w300,https://lh3.googleusercontent.com/gmLgogDXJwDgoM5vq_7jFZ860Sy48fzdMMe71Fp4ayJTxf8Qyw343aUklCfABb_d1rdQ=w300,different,10,12
1907,https://lh3.googleusercontent.com/Xbt7B3b5lvt6PJ6fgYNc8iez1BL5lY-vyYwUOIswFMjy3_QOxeVEFeJrcAKJ1pvlOzk=w300,https://lh3.googleusercontent.com/AJRpRx2poiFRfna7Wli1gsQtcBw0XIYtztDu1k5fz1XG6IUQodfs4z-2EdbDsZLMTyOS=w300,different,45,48
1440,https://lh5.ggpht.com/NwUvQiESl6qHr7fniVSUYABRVgZUrVnxqS4pBMODDnuKYInQjX3t-NWmxrZVMfWVNXA=w300,https://lh3.googleusercontent.com/hRb1S8C9GPLSfcDi4F0Ywg19EMqXEPOpYqf6x5qt97KYYWK5bpN66d9rNLGl4lJb7nw=w300,different,15,4
1820,https://lh3.googleusercontent.com/rloyfkAfjFrOUqoFXi1S9u2k26nyLSNO1CgFCFZIWrI4Px9dPVLFsQBKSYIxMBnZP2xn=w300,https://lh3.googleusercontent.com/gygeZWqQKBo3i34xWdTnWFjY-GsMEJViog1eyHCeFT5CDPBjj54uY-vF8bZvU_AqPg=w300,different,23,21
1562,https://lh3.googleusercontent.com/KhDHZ46o_uVDgSvlTRrYibK2UWMgXQ8HbZ4GebIi0whKyka5OPSRy4XRwfwWVhM4saHE=w300,https://lh3.googleusercontent.com/2GTfFCx088uflEQqXcBGuMNSGX099k_unUTfGphVOsyiMJqFarEnB4riHRbMkxdkUQ=w300,different,26,29
1326,https://lh3.googleusercontent.com/eAZHih3mhNbadrjK4bIlL_igBhxIdm5AvMeezGKvZgd49XaX7a_jK_xn-ukBGh5hCQ=w300,https://lh3.googleusercontent.com/Z-AEKTKj9osBhP_mKM5hEWZtvivkKXXfQPPgA5N4TSQwsjLo6yUccTAbez10DSsbZUaK=w300,different,5,3
3756,http://a1.mzstatic.com/us/r1000/045/Purple/7f/7c/45/mzi.givhutus.75x75-65.jpg,http://a2.mzstatic.com/us/r30/Purple/v4/71/cc/9b/71cc9b74-604d-1516-e0f2-31d94fcb9243/icon_75.png,same,0,1
1872,https://lh3.googleusercontent.com/Fp7M4erfGzFty3nvjbBeoHVO4RlOdvW2nDKB4KuSCmtC-eBCt3hTrp2jDTTLsphptDM=w300,https://lh3.googleusercontent.com/B3zdUMHnGJpn8wpNBDAmiDIc6QVzQw0hwb6Q2El1nURIpPpGQAXUSd8KYJpZOXE8oVI=w300,different,13,7
103,http://ecx.images-amazon.com/images/I/512J%2BGMIs7L.png,http://ecx.images-amazon.com/images/I/41Fl8NkDpDL.png,different,8,16
2200,http://a4.mzstatic.com/us/r1000/017/Purple/50/89/51/mzi.lzhdrvkc.75x75-65.jpg,http://a1.mzstatic.com/us/r30/Purple/v4/8c/d6/f1/8cd6f1ae-1d12-336f-8ee9-6fe54180ea92/icon_75.png,same,1,0
1158,https://lh3.googleusercontent.com/xZZeSIZAQhmyvuh_--6cM-VQur38Y0x-sctIV2Q9Fi168nWK-O97PPfq5mNHg3WO1Yc=w300,https://lh3.googleusercontent.com/iuRDiGzYSd7SfdSaFsQ3luAlRVKmPehxLmDt_zIxVBzYkeof9zqegFxVM5dWe8Vv_ZY=w300,different,30,12
2542,http://a5.mzstatic.com/us/r1000/035/Purple/f1/4c/5b/mzl.uhylgymg.75x75-65.jpg,http://a4.mzstatic.com/us/r30/Purple/v4/3e/89/bd/3e89bd79-50da-80e0-5a6a-fe5ef07a34a3/icon_75.png,same,1,0
3573,http://a1.mzstatic.com/us/r1000/108/Purple/f9/d9/53/mzl.lrcwrdrt.75x75-65.jpg,http://a4.mzstatic.com/us/r30/Purple/v4/61/9c/53/619c53d4-5e47-d771-b56a-6ef7ed4f7b50/icon_75.png,same,2,0
483,http://ecx.images-amazon.com/images/I/51wqu%2BARm8L.png,http://ecx.images-amazon.com/images/I/4169djy2aSL.png,different,26,20
1362,https://lh3.googleusercontent.com/Barox_Ive9kJNO4cULpGq65PwGH_v4TsiT7WAr-0uqAHz2dL_mPiu_sZ_bVTuauxhxE=w300,https://lh3.googleusercontent.com/CP9MvUCzMvGWcKHKYPoIdesctwH0zMjXeLLcn3RSZ24ZuQ1yjZD4uEGHDwZ_6LbWgxaB=w300,different,28,27
724,http://ecx.images-amazon.com/images/I/719hov3lVTL.png,http://ecx.images-amazon.com/images/I/71a0fH0PPtL.png,different,32,29
930,http://ecx.images-amazon.com/images/I/71t-b2BmPVL.png,http://ecx.images-amazon.com/images/I/51RxQI1AI%2BL.png,different,19,14
3520,http://a4.mzstatic.com/us/r1000/065/Purple/64/b3/24/mzl.jxpwdmwt.75x75-65.jpg,http://a5.mzstatic.com/us/r30/Purple/v4/4e/b5/ef/4eb5ef5b-64be-9464-adad-b66449a8f923/icon_75.png,same,0,0
438,http://ecx.images-amazon.com/images/I/81imLbObstL.png,http://ecx.images-amazon.com/images/I/81dKZJnTyCL.png,different,30,25
1568,https://lh3.googleusercontent.com/KiDaAxi9nhsUA1ZOQ5TruyTcnVu7CVumVR50fRY_sb9Vqca3nKl7ponh2aGvOEGV2e3h=w300,https://lh3.googleusercontent.com/Ys0Mugd4e_giLw26GED1nKJO9ACCEMVTTNAVM2riCYSMm-8BsXm5amnPAmX3LHyFPw=w300,different,44,53
1317,https://lh3.googleusercontent.com/TXEnbYTh_q0ax_DjhIlZnhTbQkCwKOZODgO8C0l3VwD8yRvL3sQKUqG6ZiGfD3UDrTU=w300,https://lh3.googleusercontent.com/1YGrtkckSJCwwUlw-Sa_vK0LyZRRV7jIemLiYlS7Ea8ZvrCiMX821vd2Q3sJG4-LmTM=w300,different,23,18
757,http://ecx.images-amazon.com/images/I/61skfKUz2wL.png,http://ecx.images-amazon.com/images/I/51tSVix%2BSVL.png,different,26,32
779,http://ecx.images-amazon.com/images/I/61xkka93fSL.png,http://ecx.images-amazon.com/images/I/51kWPjlVdbL.png,different,6,5
1064,https://lh3.googleusercontent.com/KFwbpXep7BhhgfJjYZrqKt75c-6AacrmYsbjbI4BHbYpeahpgzYckozbKDrnrbFE95Q=w300,https://lh3.googleusercontent.com/8qyXWG-UWXmO_oCv19Ffvn5oGEpcVKM28G-SQPQc5EN6GAFXvXPWaohYWoeboGrCF7w=w300,same,3,3
1970,https://lh6.ggpht.com/JdmPX5mKZFqKRF2vC6U569S6ce0JFK4quZeUXrgQTyLtcRKALXFnnaxskSmtdOl9zMs=w300,https://lh3.googleusercontent.com/EhgjlNumhkNPSkXNiywHS7TKovvt7L44U36bN4Jf8YyTdDtYSFkhBE6FwDKatB773xI=w300,different,12,13
2877,http://a4.mzstatic.com/us/r1000/038/Purple/7b/49/1d/mzl.wtlaokqd.75x75-65.jpg,http://a4.mzstatic.com/us/r30/Purple/v4/3f/56/ef/3f56efb9-bbe0-7400-3d7c-04cd86932b1b/icon_75.png,same,0,1
73,http://ecx.images-amazon.com/images/I/71tQV8uMn4L.png,http://ecx.images-amazon.com/images/I/61Qm2WCRTqL.png,different,21,19
1566,https://lh3.googleusercontent.com/8kfQMBtwWnsaKJxKym4Za-vagAVRp2jvTUBwQH2XzXLUXpmyvojLfYZQ6l6rQqKoBD7V=w300,https://lh3.googleusercontent.com/ZmAqMgCCOGIZmUqZygyh7HSZFJL2c_QMmbIPMAqxNRlvL_DnEkTy-sWOm7yQXULkZw=w300,different,30,18
2981,http://a3.mzstatic.com/us/r1000/004/Purple/46/35/f4/mzi.tvhroubk.75x75-65.jpg,http://a5.mzstatic.com/us/r30/Purple/v4/2d/62/a0/2d62a0ea-5e9a-b1b2-2410-b0d46ac62e35/icon_75.png,same,0,0
1434,https://lh3.googleusercontent.com/m9Zan0vWoBUaAMrFN68xOzlSDkqYOqA1O9uQAWwwerGnEYmHUXCqVBGxU5k404uT45PY=w300,https://lh3.googleusercontent.com/BIFHL1ajpZJkyqJYR7aD4FS0At_4O4rp4dzGwJ-K9kY31TFLLMGuIt6EUNF76SfFBCo=w300,different,25,38
13,http://ecx.images-amazon.com/images/I/21JynOAnPdL._h1_.png,http://ecx.images-amazon.com/images/I/41Uxtfq0YIL.png,different,23,15
2735,http://a1.mzstatic.com/us/r1000/119/Purple/68/73/21/mzl.imcqjrio.75x75-65.jpg,http://a2.mzstatic.com/us/r30/Purple/v4/9c/ef/4b/9cef4b22-1298-6a9d-a7c2-762ebd93cfc6/icon_75.png,same,0,0
2306,http://a5.mzstatic.com/us/r1000/006/Purple/ee/44/66/mzi.xfetzwhh.75x75-65.jpg,http://a1.mzstatic.com/us/r30/Purple/v4/77/9f/10/779f10bc-face-97c9-1b31-2ac704006fd4/icon_75.png,same,0,0
3415,http://a4.mzstatic.com/us/r1000/075/Purple/v4/c6/e2/07/c6e207f1-d4e7-6623-4bc2-672f9b8b6b87/mza_7386971258830909967.75x75-65.jpg,http://a5.mzstatic.com/us/r30/Purple/v4/f6/bd/fe/f6bdfed1-4ce1-c56c-94ae-3ff81eb7af30/icon_75.png,different,13,11
3303,http://a3.mzstatic.com/us/r1000/113/Purple/v4/55/8f/6e/558f6ecb-f209-2016-351b-9ebd3682225a/mzl.wbkediim.75x75-65.jpg,http://a5.mzstatic.com/us/r30/Purple/v4/59/94/c6/5994c63d-a381-84bd-c48d-ca74dc2f3dd0/icon_75.png,same,0,1
3868,http://a2.mzstatic.com/us/r1000/051/Purple/50/26/56/mzl.lmmrfhuv.75x75-65.jpg,http://a2.mzstatic.com/us/r30/Purple/v4/db/62/e1/db62e14f-749c-06ba-b5d2-8ec2ff81cba5/icon_75.png,same,0,1
536,http://ecx.images-amazon.com/images/I/81pe2HDvohL.png,http://ecx.images-amazon.com/images/I/91AhAJAyXJL.png,different,16,25
125,http://ecx.images-amazon.com/images/I/81Ordv8hXxL.png,http://ecx.images-amazon.com/images/I/71Zok0coT4L.png,different,19,5
657,http://ecx.images-amazon.com/images/I/51lQLC5z3-L.png,http://ecx.images-amazon.com/images/I/51H-24eNu3L.png,different,25,16
638,http://ecx.images-amazon.com/images/I/81NlCsfnj8L.png,http://ecx.images-amazon.com/images/I/81l7BEYGdiL.png,different,11,19
2026,http://a5.mzstatic.com/us/r1000/027/Purple/14/eb/97/mzl.esvpasyz.75x75-65.jpg,http://a3.mzstatic.com/us/r30/Purple/v4/13/93/9d/13939df7-d6f3-53c9-a985-05009df77342/icon_75.png,same,1,0
2080,http://a2.mzstatic.com/us/r1000/010/Purple/92/12/7c/mzl.iyotnglv.75x75-65.jpg,http://a3.mzstatic.com/us/r30/Purple/v4/f0/24/b7/f024b7f9-9c59-700c-4386-3608a13b72f3/icon_75.png,same,0,1
2687,http://a2.mzstatic.com/us/r30/Purple/v4/e6/05/92/e60592cf-9272-07f5-6670-515168f198ed/icon_75.png,http://a3.mzstatic.com/us/r30/Purple/v4/ea/68/2c/ea682c0d-0ca1-79f5-7ebb-2950a02b9e01/icon_75.png,same,0,0
3156,http://a5.mzstatic.com/us/r1000/007/Purple/dc/57/b2/mzl.ycpiypwa.75x75-65.jpg,http://a2.mzstatic.com/us/r30/Purple/v4/19/2a/94/192a94cf-e0ba-e62f-42e8-374c35fb2ebe/icon_75.png,same,0,0
449,http://ecx.images-amazon.com/images/I/81%2BuehOuGkL.png,http://ecx.images-amazon.com/images/I/91ZKcpZn4OL.png,different,7,9
1346,https://lh3.googleusercontent.com/LRCceRItcy736aHNTtwz9JWuQnET_9-u76sbr7R-P5Tu5u98DGx35eOTpv97Z7nvwPI=w300,https://lh3.googleusercontent.com/hQeYjFpjRQ57T-Bss7d8Plz3vAsUabKsUai7tYqP-4oLB42-HCASIr-4HeKqr1rS25E=w300,different,23,9
3249,http://a1.mzstatic.com/us/r1000/097/Purple/v4/0c/33/2b/0c332b14-29f3-3583-7c32-9e32c1756e19/mzl.uflceent.75x75-65.jpg,http://a2.mzstatic.com/us/r30/Purple/v4/8e/78/6e/8e786ec7-3505-7ebb-6002-f18bcd0c0f23/icon_75.png,same,0,0
2888,http://a5.mzstatic.com/us/r1000/053/Purple/54/cf/1f/mzi.nkkpgnoe.75x75-65.jpg,http://a3.mzstatic.com/us/r30/Purple/v4/83/1a/39/831a3973-00dd-f5b9-b697-5cf7f6845c5f/icon_75.png,same,1,2
1047,https://lh3.googleusercontent.com/O_mI_UB78R-6I31ViGjrtymVZp4tpVhK1TAIyhwTN51hRec6JUL4mY_SbYLVUEubPPQ=w300,https://lh3.googleusercontent.com/wLjhD7SAoKRioVj_KPDE3SUeRZQFvz5rN9WRcWckQS6jf41cJJks0tPpnIpHoyfTFPs=w300,different,34,22
3054,http://a4.mzstatic.com/us/r1000/024/Purple/94/c5/7f/mzl.ehgpzihy.75x75-65.jpg,http://a2.mzstatic.com/us/r30/Purple/v4/1d/94/e5/1d94e525-7344-2037-10ac-51d02f1bbc44/icon_75.png,same,1,0
405,http://ecx.images-amazon.com/images/I/81npxDrjEQL.png,http://ecx.images-amazon.com/images/I/81m3PyhrIuL.png,different,23,17
1574,https://lh3.googleusercontent.com/2E1rsWJOmSfXncADhT-YFET_5vJxHBD7dJrQ0_sx0uyG_bbSUkTh3L5T5ATiwW4WhVA=w300,https://lh3.googleusercontent.com/Sm2ARQJcHtAIW94NSYDZk6NTI1HC9Bux7xSdZgWYa83zFN2sevgrFfIsKzfZe7pO_30=w300,different,15,13
1271,https://lh3.googleusercontent.com/oHNCP-odlxrPb9cwGJV4MfTOfdICIAV8Cj9VIxzMfGhMIwtfp1eTOpG9tuwubjnBeZk=w300,https://lh3.googleusercontent.com/4cBOd8px3q0l8Btib8wG4brqM6o5KUQER0RXApo6ioD1UIXuFeZEwFdl6wRrlTQzjEk=w300,different,19,16
2937,http://a5.mzstatic.com/us/r1000/005/Purple/cc/c8/6d/mzl.kpahfpgt.75x75-65.jpg,http://a3.mzstatic.com/us/r30/Purple/v4/fa/11/59/fa115914-91b3-877b-597b-f237dae9585c/icon_75.png,same,2,0
1984,https://lh3.googleusercontent.com/qVAn8mqENRdvlfbLgQleoIEtdtbmDbZy6yaP92ICfcqrVP0o-f7vhPw_5Rf8f852UFo=w300,https://lh3.googleusercontent.com/w2yNIq_UEu6Td1rmEffwtheVZgxSJpzIIVVqc38k4wNmHdgGcAWnVibnZcTN0IYYwA=w300,different,49,43
768,http://ecx.images-amazon.com/images/I/81J8wX1LSUL.png,http://ecx.images-amazon.com/images/I/51l7Ujku3aL.png,different,22,9
2959,http://a4.mzstatic.com/us/r1000/008/Purple/1b/2c/bc/mzm.obyalcyf.75x75-65.jpg,http://a4.mzstatic.com/us/r30/Purple/v4/27/b6/af/27b6af0a-7ac1-821b-20b5-f3f68ec36b74/icon_75.png,same,0,0
847,http://ecx.images-amazon.com/images/I/81UCMKMny0L.png,http://ecx.images-amazon.com/images/I/81IlnSsqCJL.png,different,27,23
4004,http://a4.mzstatic.com/eu/r30/Purple69/v4/fc/0c/86/fc0c8666-78a3-f8ec-5340-227a4dbafafe/icon100x100.jpeg,http://a4.mzstatic.com/eu/r30/Purple49/v4/62/60/62/626062eb-38be-bc8c-ddc7-7d34cd7be1c7/icon100x100.jpeg,different,30,23
2277,http://a4.mzstatic.com/us/r1000/011/Purple/5a/2f/1e/mzi.vhfwvnnw.75x75-65.jpg,http://a3.mzstatic.com/us/r30/Purple/v4/a7/cc/59/a7cc59d4-7ec1-8be2-d614-bf183cd5199c/icon_75.png,same,0,0
3185,http://a4.mzstatic.com/us/r1000/061/Purple/7c/6c/4f/mzl.foqejdpo.75x75-65.jpg,http://a5.mzstatic.com/us/r30/Purple/v4/b3/bc/b2/b3bcb2c5-68f6-3848-c66c-48146cf1ba8f/icon_75.png,same,0,0
3478,http://a5.mzstatic.com/us/r1000/087/Purple/v4/f4/5f/f0/f45ff02c-defb-6fba-8d7e-b3b1157c4b00/mzl.jazbnhft.75x75-65.jpg,http://a3.mzstatic.com/us/r30/Purple/v4/05/d2/b9/05d2b943-9989-7477-6054-8f6362ed0122/icon_75.png,same,0,1
2557,http://a2.mzstatic.com/us/r1000/094/Purple/03/7e/b6/mzm.mcmzqnqx.75x75-65.jpg,http://a5.mzstatic.com/us/r30/Purple/v4/40/00/4e/40004e92-82d6-475c-7d60-a885601bd879/icon_75.png,same,0,0
2830,http://a4.mzstatic.com/us/r1000/016/Purple/84/d8/7d/mzl.eevgarah.75x75-65.jpg,http://a3.mzstatic.com/us/r30/Purple/v4/ac/91/10/ac911042-7ee0-d4ee-eed8-b8ba2bb7d505/icon_75.png,same,0,1
1825,https://lh3.googleusercontent.com/Y83DE-z3Z3W0Ga0egSTRkYfODHQPTcfuhH7gXpcWMn4vGvdIJIIbYuc-1KWE_St-zsk=w300,https://lh3.googleusercontent.com/52Nao91NJ81U-3z7vjUWOU7T71Nd2NjqZ8o06vqUCfl_BnXFGZwuQlZvuoQlaiWAxMkG=w300,different,17,33
2740,http://a1.mzstatic.com/us/r1000/114/Purple/v4/f4/8e/8f/f48e8f59-664e-0a55-3410-a8d414a32cfc/mzl.yvekaukn.75x75-65.jpg,http://a5.mzstatic.com/us/r30/Purple/v4/e1/f6/6b/e1f66b7c-9878-c15e-2899-1e972191a9d5/icon_75.png,same,0,0
2395,http://a1.mzstatic.com/us/r1000/075/Purple/3a/a2/86/mzl.sbpicxzl.75x75-65.jpg,http://a2.mzstatic.com/us/r30/Purple/v4/bf/18/e9/bf18e99a-9098-b0ed-834e-b6344c58191e/icon_75.png,same,0,0
1751,https://lh5.ggpht.com/WKKd5xId1XY6MPJuaap9ShIOVh6gp7CBDdE9ytGeZlUREwCAW-XufvFQxve1SKkLKdOY=w300,https://lh3.googleusercontent.com/jiK4rdqoUM49Ci31u12slksR6YglMWd2fCU8mo0QO8-KeLasfxp04trVrVYaVIterVM=w300,different,34,22
3051,http://a5.mzstatic.com/us/r1000/017/Purple/ca/c1/cc/mzl.exwseyve.75x75-65.jpg,http://a5.mzstatic.com/us/r30/Purple/v4/d5/db/f8/d5dbf86f-14f2-41d7-f21a-b60d15233e18/icon_75.png,same,1,0
882,http://ecx.images-amazon.com/images/I/31zaTjtcFnL.png,http://ecx.images-amazon.com/images/I/51FpNWDiqwL.png,different,8,12
2666,http://a2.mzstatic.com/us/r1000/008/Purple/1f/95/20/mzl.vtzqwquk.75x75-65.jpg,http://a1.mzstatic.com/us/r30/Purple/v4/7f/6d/f1/7f6df1a1-ab5b-902a-b5e4-e599358346dd/icon_75.png,same,2,2
2121,http://a2.mzstatic.com/us/r1000/059/Purple/92/3b/54/mzi.ofbsykhm.75x75-65.jpg,http://a5.mzstatic.com/eu/r30/Purple/v4/dc/7e/70/dc7e7038-bac5-2a48-4465-97e59829f9e8/icon_75.png,same,1,1
3839,http://a3.mzstatic.com/us/r1000/013/Purple/c0/68/8a/mzi.vnzbkimd.75x75-65.jpg,http://a1.mzstatic.com/us/r30/Purple/v4/61/23/c5/6123c50c-61ac-4aee-8cc8-6742458f2722/icon_75.png,same,1,0
832,http://ecx.images-amazon.com/images/I/71g35XSOM2L.png,http://ecx.images-amazon.com/images/I/81JbCKcdbcL.png,different,40,29
1575,https://lh3.ggpht.com/wGNsFnM72KXdhYAQGBUsMPW3ou0jbgtadKm6plOa2sxOZktUkHE9zuMaumyp6Io7qTc=w300,https://lh3.googleusercontent.com/fbGnBZDugUEZFzWqQ3wt1L_wyVyJlpO00yOAJ6iuxF4Pf0P_wPjfQP0PbwquOeuNy-8=w300,different,11,10
3487,http://a1.mzstatic.com/us/r1000/101/Purple/v4/62/92/5e/62925e65-c1cf-a220-0466-589206ad4c76/mzl.hzdsvcel.75x75-65.jpg,http://a4.mzstatic.com/us/r30/Purple/v4/6f/98/42/6f9842cd-0e37-fa59-4e29-b5e3cbf8bd3c/icon_75.png,same,0,0
2856,http://a5.mzstatic.com/us/r1000/011/Purple/99/80/b0/mzl.cllhogkg.75x75-65.jpg,http://a5.mzstatic.com/us/r30/Purple/v4/ba/66/80/ba668079-995e-40b9-c582-beb279a384c9/icon_75.png,same,0,0
3236,http://a3.mzstatic.com/us/r1000/057/Purple/72/b1/25/mzl.aljcfoga.75x75-65.jpg,http://a3.mzstatic.com/us/r30/Purple/v4/e0/61/7f/e0617fde-cf18-da5c-b9c6-9c10e6df4f7a/icon_75.png,same,0,1
3188,http://a1.mzstatic.com/us/r1000/049/Purple/ce/2c/86/mzi.iynmpkqz.75x75-65.jpg,http://a4.mzstatic.com/us/r30/Purple/v4/b6/b8/1e/b6b81e16-d0d2-1be2-3c2d-18bbf69a3820/icon_75.png,same,1,0
1615,https://lh3.ggpht.com/5_KNB7R-QU77QLT_6Av_GTPlX1O0PxAdwyue9bYnIVcaAUlWO7pdhKvZolpZnZSnx5A=w300,https://lh3.googleusercontent.com/iPp2wu4HcWYhTZJMAdG0QFWi3oeIXbAldO1V2N9djH9b_8-1hm0SRbHAqz-zChbeXrU=w300,different,33,46
1130,https://lh3.googleusercontent.com/TGPQi-quVI__qt7rLB6tirUBgtKdZsA_cxh9SO1r5JyNPJI8J8ODTkydIK9GlE-z5DY=w300,https://lh3.googleusercontent.com/ZVlpaXJauCefKEEYGCJoaUBoukktpKOqWi3ti6x859-DyIBgYq_quVIc0ktzq8RMOyc=w300,different,13,19
1350,https://lh4.ggpht.com/wSinvcCJ7m39qfK9QaMk3qu3px3fZqjQqYqFzwnGGQXdBKoq3s_Ct_2N-qFCDydCkQ=w300,https://lh3.googleusercontent.com/J2mXCQvwjRpGert8SC38aSeh4_p5IaQuQCeu9xT11q3jfa-AMTByZ3UuYTLnny-CgAzs=w300,different,45,54
3001,http://a1.mzstatic.com/us/r1000/033/Purple/b5/63/fa/mzi.yyaewcqx.75x75-65.jpg,http://a2.mzstatic.com/us/r30/Purple/v4/91/b7/59/91b759f8-1f04-9c3c-055c-8e3a49338c37/icon_75.png,same,1,0
3553,http://a2.mzstatic.com/us/r1000/007/Purple/22/17/30/mzl.duvuclzm.75x75-65.jpg,http://a2.mzstatic.com/us/r30/Purple/v4/89/5f/41/895f4190-0c9c-bce0-8715-9f076d532ba5/icon_75.png,same,0,0
1203,https://lh3.googleusercontent.com/_uhbXsuifpri8cWUcPi_uB8XwDV3G37_91_ImM_bkiZ2tnrK7qm3HdbI2v30IHKm2m0a=w300,https://lh3.googleusercontent.com/w0vdI2yy5QGxIW7ksibYBPk9qsMhq0WPIUSklHNIK0uSl4sixDhQNXWQwpOKeeC170k=w300,different,22,21
3132,http://a5.mzstatic.com/us/r1000/100/Purple/20/cb/d8/mzl.tkutyrsl.75x75-65.jpg,http://a5.mzstatic.com/us/r30/Purple/v4/81/03/a8/8103a8d1-9c39-a054-8344-38423b582b1e/icon_75.png,same,0,0
1357,https://lh3.googleusercontent.com/zNejrtkT5YPe5eITd3E1jiR4VbwWGioJXfAQBWcC67jNRbKhryxaRq6BahgDggSy7Izb=w300,https://lh3.googleusercontent.com/8iE1JN9L8fOHFkZz9mIPM0M-4lXmb2RgTtnJWzpQ9nVmJcvFIbCRyINvKbwG80bcgjs=w300,different,38,28
2814,http://a3.mzstatic.com/us/r1000/072/Purple/f7/f0/35/mzl.owndfvyb.75x75-65.jpg,http://a2.mzstatic.com/us/r30/Purple/v4/be/a8/ab/bea8abc8-e142-f346-a05e-45bcf76cca2e/icon_75.png,same,1,1
3610,http://a4.mzstatic.com/us/r1000/021/Purple/22/bb/a3/mzi.xjcbxjws.75x75-65.jpg,http://a4.mzstatic.com/us/r30/Purple/v4/61/9b/99/619b998f-8c2a-0493-5d28-bc0a0c3022e6/icon_75.png,same,0,0
3609,http://a1.mzstatic.com/us/r1000/120/Purple/v4/da/95/9c/da959cee-931b-8a0b-182d-9f793b00699e/mza_776661552330525473.75x75-65.jpg,http://a1.mzstatic.com/us/r30/Purple/v4/6b/00/32/6b00323c-3db8-66f7-de5a-b0920590dced/icon_75.png,same,0,0
3803,http://a4.mzstatic.com/us/r1000/045/Purple/bb/f7/1e/mzl.yxufznla.75x75-65.jpg,http://a3.mzstatic.com/us/r30/Purple/v4/13/62/f3/1362f38c-fdf3-eb6e-b90d-e2f407532e61/icon_75.png,same,0,2
1883,https://lh6.ggpht.com/UrDNrjKp-obBFcZgWFqSvionDd2ym_WgI1pKFEmu8X-Be42G4iBmAxR8gmY-dHnunnF6=w300,https://lh3.googleusercontent.com/wHJSeeA5kANAsfvx8MCO-E-Ii8YlWzsd5wkjF9wnJFir3KIF8Bq52onhF784Pm6e3g=w300,different,42,20
49,http://ecx.images-amazon.com/images/I/81CBlJw-YCL.png,http://ecx.images-amazon.com/images/I/81wUg2ljeBL.png,different,38,28
1702,https://lh3.googleusercontent.com/YKknfOBt-1aQCMA0I6rjtE9hpJKI2URfsW6SQQ8XruNs7KuvLIEtHO5CVlhVosOee44=w300,https://lh3.googleusercontent.com/VJroYyhi0Nm-YIcRe5_bhlRsTpqvoOXg0AEB3MpGgJJW8AOZVVyD-EogezRWSsy8gQ=w300,different,9,6
3354,http://a3.mzstatic.com/us/r1000/057/Purple/0c/e3/4a/mzi.sqoxltfe.75x75-65.jpg,http://a4.mzstatic.com/us/r30/Purple/v4/bb/fd/97/bbfd97d1-9a6b-fa2d-4d30-584f92f2a72d/icon_75.png,same,0,1
2056,http://a2.mzstatic.com/us/r1000/097/Purple/42/76/05/mzl.jmzxatrs.75x75-65.jpg,http://a5.mzstatic.com/us/r30/Purple/v4/4f/6e/39/4f6e3904-9d4c-04d3-4ff2-88f4d69fa8dc/icon_75.png,same,0,0
2464,http://a3.mzstatic.com/us/r1000/022/Purple/25/7b/92/mzl.cpwbwqsp.75x75-65.jpg,http://a2.mzstatic.com/us/r30/Purple/v4/c2/49/85/c2498531-12ca-566a-5069-deeb89cd424a/icon_75.png,same,0,0
3761,http://a4.mzstatic.com/us/r1000/050/Purple/7d/cb/5b/mzl.okemvzvf.75x75-65.jpg,http://a1.mzstatic.com/us/r30/Purple/v4/a5/93/0f/a5930fa5-af68-5772-8cbf-651ea77e3bad/icon_75.png,same,0,0
883,http://ecx.images-amazon.com/images/I/81Z98PtEh1L.png,http://ecx.images-amazon.com/images/I/71gzT-BrbtL.png,different,17,29
1576,https://lh3.googleusercontent.com/tKrzTM35XeOUu4VMZ3llSptdBFFoLiXbmJ-hG2QYt8bfx7__466YdJxJmozhiLLIgw=w300,https://lh3.googleusercontent.com/EfAT1y5WqzmZt3t7p3tgmdXEsA8GlNYZEHlIZoTO7piaHHFvv-Q2nw5Ma0pGxq1ZLVE=w300,different,15,15
981,http://ecx.images-amazon.com/images/I/81KYGi%2BMC1L.png,http://ecx.images-amazon.com/images/I/61qz7dmFg%2BL.png,different,29,30
85,http://ecx.images-amazon.com/images/I/618xQJNRNwL.png,http://ecx.images-amazon.com/images/I/41XSU5jwmoL.png,different,28,22
2234,http://a5.mzstatic.com/us/r1000/089/Purple/4e/c1/b5/mzl.zsrbqmrv.75x75-65.jpg,http://a2.mzstatic.com/us/r30/Purple/v4/27/04/87/27048779-47be-f1f8-e8f8-eeee39610bb3/icon_75.png,same,1,0
1929,https://lh3.googleusercontent.com/YT43AfmtO6Xzz7BavrgCnvI58JaQoRJgrOPUBCXscRar8xW_2Dt_7EwzBXZs6fCDs14=w300,https://lh3.googleusercontent.com/0VAsxeAOb8cvgRVBst8JbKRKOKk6mWj4DKxEJlP6wcdEBenGqK1X-rMpsqk40NAY-UE=w300,different,19,15
3662,http://a1.mzstatic.com/us/r1000/030/Purple/44/6b/ff/mzl.kqrnahra.75x75-65.jpg,http://a2.mzstatic.com/us/r30/Purple/v4/25/9e/95/259e958e-15df-06b5-6949-01d1fc4cee4f/icon_75.png,same,1,1
1179,https://lh3.googleusercontent.com/mwI6PZwmvR47_bsU6nHJ5wKclwO19CzZPWozPwraL3NWl1FPa7GKCu0YgfJIrzQ3GfJC=w300,https://lh3.googleusercontent.com/3dVQslNUq9fFwsnvLmsFk8po9DJJQkheQgRAcSX5QyQ3AEeDon9o86hSP8lI317lPA=w300,different,23,16
3086,http://a3.mzstatic.com/us/r1000/067/Purple/v4/d7/be/ec/d7beec01-4fad-a804-c3a2-8de4e46890ef/mzl.ayyyyflk.75x75-65.jpg,http://a2.mzstatic.com/us/r30/Purple/v4/35/92/e6/3592e6e4-d5b3-fc31-b761-9a9cff32d1a4/icon_75.png,same,0,1
489,http://ecx.images-amazon.com/images/I/81KDE8eNISL.png,http://ecx.images-amazon.com/images/I/91YEFvdAPUL.png,different,36,29
2140,http://a5.mzstatic.com/us/r1000/056/Purple/9c/3b/ec/mzl.uqtpygkh.75x75-65.jpg,http://a5.mzstatic.com/jp/r30/Purple/v4/cc/20/ec/cc20ec4c-b8ce-765e-0d43-a25a388bffa4/icon_75.png,same,0,0
1948,https://lh3.googleusercontent.com/_RXb08e5mAqFE2XQNd3x7dqrAbMIonNkUYodlPNwJd3YkXprQ6AyImEPnAKZ4vvF5HU=w300,https://lh3.googleusercontent.com/j1XZKkDTH4SUTIBdsOBR_aOf23E8VDYppo6K03IzhpnIBVgUdu5ajrId3M-FmrwPG_g=w300,different,14,10
2219,http://a1.mzstatic.com/us/r1000/044/Purple/d8/39/1b/mzl.twxfosmp.75x75-65.jpg,http://a3.mzstatic.com/us/r30/Purple/v4/82/52/64/825264ca-de40-e5b5-1db5-b135f7d070a5/icon_75.png,same,1,3
1879,https://lh3.googleusercontent.com/4HmkuLwcwAGaReGdT67nlZSKpe6YnpcUpfYaeaW7sR_DPAi1jDv8nJBF_C5Yy8Ecfo0=w300,https://lh3.googleusercontent.com/Liy08OMLF_bIZvpdbAWNQnf_6-5Li-MGLIlcyH4i5ZWwrDgywFdI8Vf8NjWL3GC6QmQ=w300,different,26,41
2843,http://a3.mzstatic.com/us/r1000/025/Purple/4d/33/6c/mzl.jccvkpqr.75x75-65.jpg,http://a2.mzstatic.com/us/r30/Purple/v4/54/34/80/54348078-7c24-525f-5f1c-56088cbaffb0/icon_75.png,same,0,0
626,http://ecx.images-amazon.com/images/I/61kRevoJZzL.png,http://ecx.images-amazon.com/images/I/81K3CDO0whL.png,different,31,31
2017,http://a3.mzstatic.com/us/r1000/058/Purple/39/03/f2/mzl.wwnmxqgd.75x75-65.jpg,http://a3.mzstatic.com/us/r30/Purple/v4/c3/a5/2c/c3a52c1f-790a-4710-5cce-067944fb19b3/icon_75.png,same,0,1
1570,https://lh3.googleusercontent.com/AuWfM6xP8F9LxoPkLco4df5S0RuTTRqhKRb_bGKcCZXxF9ZJFHTMM0DunxTzeU6zu5sE=w300,https://lh3.googleusercontent.com/b8AZAOodlmsoe70KbSNhomQ960YZUV7CyLbA7sG8Z20euxL2SzHSBmoOLknbjhgh86M=w300,different,23,24
1773,https://lh3.googleusercontent.com/RAgAQ25SBNAZNfP_IKPdUHDgvt5SrJL8QZ9b1jU4H3BpMj5XtMuOoBjIrVLHaOginH1o=w300,https://lh3.googleusercontent.com/BlTGRn4J2NA99v9g2xAroKz19cQ9apzrEfPrJ0JvZFmAAna7RrpDdpLVOj5SsooC6lo=w300,different,21,19
2358,http://a4.mzstatic.com/us/r1000/003/Purple/05/07/b3/mzi.vqklzcvn.75x75-65.jpg,http://a1.mzstatic.com/us/r30/Purple/v4/cf/92/87/cf9287f4-fcc4-3b24-284d-062672f1fe18/icon_75.png,same,3,7
3021,http://a2.mzstatic.com/us/r1000/114/Purple/v4/95/12/31/95123177-f936-6c21-b632-41c3d37b0027/mzl.kehvceoe.75x75-65.jpg,http://a4.mzstatic.com/us/r30/Purple/v4/47/0d/5f/470d5f67-39d3-4d52-a971-fbbb22914357/icon_75.png,same,0,1
2647,http://a2.mzstatic.com/us/r1000/054/Purple/bc/64/ed/mzl.ahewssmu.75x75-65.jpg,http://a5.mzstatic.com/us/r30/Purple/v4/0f/1c/a5/0f1ca522-7c34-3c46-d79f-32a74f18b1c9/icon_75.png,same,1,0
3666,http://a5.mzstatic.com/us/r1000/114/Purple/7b/8e/37/mzl.xncmdlbl.75x75-65.jpg,http://a4.mzstatic.com/us/r30/Purple/v4/f4/b8/01/f4b8014a-3e4b-fcf5-6179-1294cd6283a8/icon_75.png,same,1,2
3245,http://a2.mzstatic.com/us/r1000/016/Purple/b9/b8/33/mzl.hebmhaqk.75x75-65.jpg,http://a3.mzstatic.com/us/r30/Purple/v4/9d/44/f7/9d44f726-3e7d-d33a-a612-cbc56d66ac91/icon_75.png,same,0,0
2939,http://a1.mzstatic.com/us/r1000/108/Purple/af/0a/6b/mzl.rculruqm.75x75-65.jpg,http://a3.mzstatic.com/us/r30/Purple/v4/34/e1/43/34e143b2-2794-7132-1535-f4d862dd271b/icon_75.png,same,0,1
1905,https://lh3.googleusercontent.com/5krMy0DqCfLMrDKOeQIocowp3N04xqrwnfJA0bN66ry9lNru1O77QuHji8AtKqemPtgc=w300,https://lh3.googleusercontent.com/3VS7NpLzDWB7JQK2_Kxai07DsucQ1aCNIcxMitE8sR3sGxX-peOZs9VDfJiQBuAvBuW5=w300,different,28,13
1156,https://lh5.ggpht.com/p8v4XF3iuQ_RVpMEG2eT4buIcnqlpbp_XUI3kkuUjp30GO59eZFUi-enH7vC6NHXdHXV=w300,https://lh3.googleusercontent.com/nndMod037p9V41FH__nbaVKga5jps_ytiYsCGMUk1MEE_VHXAsirq-gu816g4vddFIzw=w300,same,8,14
3596,http://a5.mzstatic.com/us/r1000/102/Purple/00/ce/f8/mzl.ltgtkauz.75x75-65.jpg,http://a1.mzstatic.com/us/r30/Purple/v4/51/de/2e/51de2e63-1a8d-6283-8ff8-ce21643bf458/icon_75.png,same,0,0
732,http://ecx.images-amazon.com/images/I/81oMIbdNuoL.png,http://ecx.images-amazon.com/images/I/8196y6G%2Bq8L.png,different,15,9
1930,https://lh3.googleusercontent.com/Ec_OOSqckTYl9BBAvkeTOiq1V9QRI2HRdWbJTv7ZwiIHe7X2SPHtvLYrWlmRsnSJGhk=w300,https://lh3.googleusercontent.com/Q7N7JKdTpJuRTOb4Nuj8P1Yn9DaKXa8FJEn9Pzuk0Ol9V9zqHTPPgYPsyBhhTUZ3Tw=w300,different,15,46
2797,http://a3.mzstatic.com/us/r1000/023/Purple/1c/53/88/mzi.rytqxcxw.75x75-65.jpg,http://a5.mzstatic.com/us/r30/Purple/v4/6c/53/48/6c5348bb-afd9-ec5b-7222-2132fc5baee2/icon_75.png,same,0,0
1125,https://lh3.googleusercontent.com/5H8nbyFrgrGvQ3R55icbnv-E0LuV5O2VqjoAhp8OGHyAiq4E5pay__X933jGbNDfgEo=w300,https://lh3.googleusercontent.com/qyZg9LGeSgicXHy1jy2GXWHxUPW7mEMY7ebP5ifvZu2wekm1e1wcom0Tor10x-oCVG1p=w300,different,11,14
1123,https://lh5.ggpht.com/eEQYhsHY7z8mQF-0Jr7iXjvRK4lQCmfb3tKGFZ2iNGNJI560Ho1F_FwrFtBPCTE0mqQ=w300,https://lh3.googleusercontent.com/l9HdKeWGP8eX2ehsp9-qix7d_Wvgt2lK4GgNbGiaY3y6j6NslP6BkRpRcg9oJ_xdwQ=w300,different,11,4
2653,http://a5.mzstatic.com/us/r1000/028/Purple/0a/47/55/mzi.igacrlbk.75x75-65.jpg,http://a1.mzstatic.com/us/r30/Purple/v4/0b/c8/01/0bc80118-4da2-77d9-cd62-ac24b3bb0820/icon_75.png,same,0,0
3763,http://a1.mzstatic.com/us/r1000/030/Purple/82/8b/4c/mzi.nijbdamt.75x75-65.jpg,http://a4.mzstatic.com/us/r30/Purple/v4/a2/b0/8d/a2b08d4e-6bcd-a7b0-b2af-26b2e1ef3da2/icon_75.png,same,0,0
1391,https://lh3.googleusercontent.com/M4AwqpwrBDetEKQ1AkDIzMm5vpydX3_BTBnDNrN4bEIiSSRZOObK-mFqwA31-E08qA=w300,https://lh3.googleusercontent.com/QvO1em4FFRNGA_BOUHxwV71aBKHOz9Ur4y9M5fAAOElpM_Dapy-Z13YfRhy8vZTLzTE=w300,different,29,19
277,http://ecx.images-amazon.com/images/I/61Ojr5dITqL.png,http://ecx.images-amazon.com/images/I/51-U3VGh2pL.png,different,11,2
3293,http://a2.mzstatic.com/us/r1000/120/Purple/v4/72/9d/a8/729da8a6-1142-6383-470d-e740bfe3732d/mzl.vcppejtl.75x75-65.jpg,http://a2.mzstatic.com/us/r30/Purple/v4/5a/31/78/5a3178f4-5246-dbfc-0b77-8031195f81bf/icon_75.png,same,0,0
2779,http://a1.mzstatic.com/us/r1000/018/Purple/81/4c/f3/mzl.ckueaeid.75x75-65.jpg,http://a3.mzstatic.com/us/r30/Purple/v4/19/f1/40/19f14098-3471-9040-1d08-27ce0d45d881/icon_75.png,same,1,3
3795,http://a1.mzstatic.com/us/r1000/041/Purple/25/d6/60/mzi.rqhcddxa.75x75-65.jpg,http://a5.mzstatic.com/us/r30/Purple/v4/9e/90/e0/9e90e047-392a-1bbd-f044-2fc273f954df/icon_75.png,same,1,9
1897,https://lh3.googleusercontent.com/zWKI5JSi72TYWCNp1cEQXYZaSaT91JGHApssRmlHBZKG20Z86zAffV7XxYn4FS97kQ=w300,https://lh3.googleusercontent.com/pUzQf4Ydt0-XO3hyTiSHE7dlOs9Y3pgqc2fJ7M79pazp8kKB1rUPgXfG0krkT-dNhxE=w300,different,21,13
915,http://ecx.images-amazon.com/images/I/81YS1ghELCL.png,http://ecx.images-amazon.com/images/I/8178qovOSFL.png,different,29,18
2509,http://a5.mzstatic.com/us/r1000/077/Purple/c7/06/97/mzl.rthrsdbd.75x75-65.jpg,http://a4.mzstatic.com/us/r30/Purple/v4/73/af/0c/73af0c64-3d5e-ace6-663e-3214f2b694c1/icon_75.png,same,0,2
2268,http://a1.mzstatic.com/us/r1000/032/Purple/50/d5/a5/mzi.ytvdjwxq.75x75-65.jpg,http://a1.mzstatic.com/us/r30/Purple/v4/32/68/59/32685931-6910-0150-c375-145f4d7e9af9/icon_75.png,same,0,1
3535,http://a2.mzstatic.com/us/r1000/098/Purple/e3/c2/26/mzl.mhjxzkky.75x75-65.jpg,http://a4.mzstatic.com/us/r30/Purple/v4/17/ac/80/17ac808c-7b6f-406b-b8e7-ee61ab03fac9/icon_75.png,same,1,0
2120,http://a5.mzstatic.com/us/r1000/101/Purple/4d/64/75/mzl.mpuruexy.75x75-65.jpg,http://a2.mzstatic.com/us/r30/Purple/v4/dc/86/fa/dc86faba-c0b2-9a53-c1a5-1f568362890b/icon_75.png,same,0,1
2894,http://a4.mzstatic.com/us/r1000/022/Purple/ba/04/de/mzi.hmchplsh.75x75-65.jpg,http://a5.mzstatic.com/us/r30/Purple/v4/ca/2c/d5/ca2cd53d-9d38-e498-b33d-c7f5b6157b91/icon_75.png,same,0,0
2621,http://a5.mzstatic.com/us/r1000/003/Purple/30/13/cd/mzl.tttqdjtr.75x75-65.jpg,http://a5.mzstatic.com/us/r30/Purple/v4/ff/77/ea/ff77ead7-2c9c-ea09-4a40-e05d7529e790/icon_75.png,same,0,1
2513,http://a2.mzstatic.com/us/r1000/007/Purple/5f/e4/b6/mzi.hrspxhgj.75x75-65.jpg,http://a1.mzstatic.com/us/r30/Purple/v4/61/ae/83/61ae831b-d699-8cef-6f96-962318491965/icon_75.png,same,0,0
141,http://ecx.images-amazon.com/images/I/710gX5%2BYNsL.png,http://ecx.images-amazon.com/images/I/71YcQbCT6CL.png,different,15,28
2553,http://a4.mzstatic.com/us/r1000/044/Purple/a0/19/f9/mzl.zcrfjmvu.75x75-65.jpg,http://a2.mzstatic.com/us/r30/Purple/v4/45/b9/07/45b90727-ba6a-5c88-115f-408dd4d0df44/icon_75.png,same,0,1
1590,https://lh3.ggpht.com/WGafk--ExebBndrBbFsUTDr14-2bG6CUCwsWZ0V4oXOiWGqq50UAtMhSZDqXD5T7CS-2=w300,https://lh3.googleusercontent.com/bCEg8iuHQb0NfnF7ixPKCruGY80Situ7esBq1gecfFQqOLj5s-7FQaaYU0wNPJzYPqI=w300,different,38,26
1713,https://lh3.googleusercontent.com/nYp5GDJk5vWx14i7R3Kl0ov5kvlqWyGBjm0gcF2vxFme_5l2qpAlScf5HogjgD6tvJQ=w300,https://lh3.googleusercontent.com/cIu1whPx6G0UIfen8VVcSmDwcvbXCQHhwsKt_uV0F61ceMdeCaYHJbu6p54qYFZpFrIG=w300,different,34,34
2816,http://a1.mzstatic.com/us/r1000/010/Purple/0f/43/ef/mzl.dwzutvkl.75x75-65.jpg,http://a2.mzstatic.com/us/r30/Purple/v4/54/22/cc/5422ccc5-3acc-8acd-efc3-e1ea0aac8c97/icon_75.png,same,0,1
1679,https://lh4.ggpht.com/z4UQk--dLbth5HupNQFKwMnYrKwxsCdHcky9xsQ9sJqCZIK4-x1VG3rrt4HopaLrxjM=w300,https://lh3.googleusercontent.com/iSZL2u7aB4Kww2LilDs57kE7Ej8fjhFiI6Y7i8WxSYWd4Ef6aagBE1Kf8_M2cYEJyeo=w300,different,24,17
517,http://ecx.images-amazon.com/images/I/61iUWUow8%2BL.png,http://ecx.images-amazon.com/images/I/61djPjYEmjL.png,different,11,3
2983,http://a1.mzstatic.com/us/r1000/051/Purple/3e/c2/04/mzi.qqmpemdv.75x75-65.jpg,http://a2.mzstatic.com/us/r30/Purple/v4/b0/0f/5e/b00f5edc-5699-7d5f-1b5b-5f39f5a5d0e0/icon_75.png,same,0,0
1656,https://lh3.googleusercontent.com/-TuKkvm7KzNzmwgrL9d1b-Qbct3OJH2v68jFj4rwDzG4wgqQAlxLw1OT6Kk4yfSCQZIn=w300,https://lh3.googleusercontent.com/j4grEGAIcrz7Tsz1onq0R5HzH2nK0umMcn8foIjM7Zb5T9lNHvuCtl8yvhspqyiPcWg=w300,different,33,28
1006,https://lh3.googleusercontent.com/f2j9tpzWp-0O4TzJ--u60J9DNZbS7BJE5C2lxitOAXpF4KJJw5GadmJqDF36jlOCRw=w300,https://lh3.googleusercontent.com/0dNrIzU46l6UUj3NS8EYrBL7MMUSaaYU1PaS20maOoducLQwv3WXywFtrI84sKpggFSj=w300,different,23,16
2569,http://a2.mzstatic.com/us/r1000/032/Purple/23/99/58/mzl.kkhymijy.75x75-65.jpg,http://a5.mzstatic.com/us/r30/Purple/v4/d7/24/0a/d7240ab4-230a-f008-46ec-9fc4796abbd6/icon_75.png,same,1,0
1342,https://lh3.googleusercontent.com/Jcc8MapmT3kAbRUZCbpf6wU7WvOMsx8E0eDoOB3zoO9NVIIzXtL67eXY9fof0hJwfFbI=w300,https://lh3.googleusercontent.com/220iBDHPROKmEZK6vuNjkHl4Jdbrw4FBMOS9u85eQjaW_g7JSbWma4S05B26sVR1fZCS=w300,different,30,14
2603,http://a1.mzstatic.com/us/r1000/014/Purple/b7/60/d4/mzl.mxssjvzo.75x75-65.jpg,http://a4.mzstatic.com/us/r30/Purple/v4/e3/84/c2/e384c28e-e601-cbab-d825-cb87a7239675/icon_75.png,same,0,0
75,http://ecx.images-amazon.com/images/I/61cKl0ct%2BsL.png,http://ecx.images-amazon.com/images/I/41XSU5jwmoL.png,different,28,22
1032,https://lh3.googleusercontent.com/8uje3RYZAfi2Q4_BnaQLTg-vRqbdlgsg3s2aX3DrBrKucPo3aXbqop_MTxvzgqVDG-TY=w300,https://lh3.googleusercontent.com/j-d2OcF7HV3PGeAXVAt2CfE25wnGf0FAV0As2044PDb_1FfWtE1r5GizkkmX0Q0DB4A=w300,different,28,19
2677,http://a1.mzstatic.com/us/r1000/052/Purple/4d/f1/88/mzl.skceaing.75x75-65.jpg,http://a3.mzstatic.com/jp/r30/Purple/v4/18/e1/95/18e1957e-6e3b-0946-7c0b-bfee67015659/icon_75.png,same,0,0
1932,https://lh3.googleusercontent.com/WBHUFoL9xWtjC2FVvZazhTP6purmqnOG_t3PiN1wbei_otAtKc1LeGzBiaOchLwqZ58=w300,https://lh3.googleusercontent.com/T62SfXCA7g6Lv9ruf_oN05LmYgSoXuOd3RLU-ooitxsFMnqCHnxi-sghfBLT4r14_Q=w300,different,31,30
1759,https://lh3.googleusercontent.com/WP8-yDJrwgM4uiJCiBovj0_DwmNTihKjftGXtLpqIUhmknyl2cpr0VelfhQY8HqrOhA=w300,https://lh3.googleusercontent.com/m3YjzDKHDnndWwxxIN62GpAk8p5CUn6jrKC5VFCYW-70S67Vxu_4p3yOeKuTm6LPTgg=w300,different,25,40
1766,https://lh3.googleusercontent.com/dy5rI9Q6WeuXJ3NuXHMELnTUk-ILCdYgO1oVEx7XwkRX35KvxpVFejHfxh98ZY_x1i4=w300,https://lh3.googleusercontent.com/poy8aJUhZDer-4vOIqbBresiFbTWMr2W4vJO5pFmSRmKNIfgzSi9_Zz-iv5UCxXDwR0=w300,different,31,34
3632,http://a3.mzstatic.com/us/r1000/023/Purple/60/af/2c/mzl.gwxbtrsb.75x75-65.jpg,http://a1.mzstatic.com/us/r30/Purple/v4/ea/3e/97/ea3e9740-3efa-cd0b-0226-67b404a47f11/icon_75.png,same,0,0
1005,https://lh6.ggpht.com/vfc1nS8A06OniXYWQVzIq1O1-TTBh6VxDTR_-kPHEUZYcWOlAt_cBr5fzr1fc7Grgw=w300,https://lh3.googleusercontent.com/oyd98BH3UFevw8nfN2jDs6065aYJEvYhUxwtO2xXPQ_yR11nG8sPJTKHH4PpgcBcHCI=w300,different,23,18
1280,https://lh3.googleusercontent.com/kFmRfwihRbAAbbpvCe_ZXYo7fAS4gM8jmkLucRhZWuduagvixdjPIlSsZY74jghUA8Y=w300,https://lh3.googleusercontent.com/8J5RNIUXdLvBLP9vH8gLo7xMqBTaNhJnQwjxTrEcBWavZvdKfDpEFum7Og2u0hfZRGzA=w300,different,25,16
2073,http://a2.mzstatic.com/us/r1000/080/Purple/26/a9/f9/mzi.jlmineok.75x75-65.jpg,http://a2.mzstatic.com/us/r30/Purple/v4/2e/2a/22/2e2a22e9-baf4-cd51-b2a5-9ab10ff2ab3a/icon_75.png,same,1,0
2203,http://a5.mzstatic.com/us/r1000/071/Purple/f6/e1/55/mzl.oryndpee.75x75-65.jpg,http://a2.mzstatic.com/us/r30/Purple/v4/3a/33/c2/3a33c293-759b-c275-9971-81ca61e857bc/icon_75.png,same,0,1
2086,http://a5.mzstatic.com/us/r1000/066/Purple/84/e8/f3/mzl.ielvrzjm.75x75-65.jpg,http://a1.mzstatic.com/us/r30/Purple/v4/b8/4a/51/b84a5151-c3b1-3d0a-0be8-02344fdb8930/icon_75.png,same,0,0
3725,http://a2.mzstatic.com/us/r1000/081/Purple/v4/de/0b/54/de0b54cb-6547-228a-6481-59e0fd314428/mzl.afstvtwu.75x75-65.jpg,http://a5.mzstatic.com/us/r30/Purple2/v4/8a/08/cf/8a08cfaa-25e9-3875-609f-3967f2619794/icon_75.png,same,2,0
1527,https://lh3.googleusercontent.com/hy21aB5aS7ktoJNpgDLirce14hd_X9Gt8J7RZPzAmVB-vt0ZwQuWSLAiOVAsWebbOXg=w300,https://lh3.googleusercontent.com/b-009IecFac89h7FWTjif_fraa315Wq39MWgRsfvzOniSLbz6hv_QyRvkPEk25annYI=w300,different,7,2
2732,http://a2.mzstatic.com/us/r1000/036/Purple/bd/7a/06/mzl.apsdktto.75x75-65.jpg,http://a3.mzstatic.com/us/r30/Purple/v4/50/f4/0e/50f40e17-cd9e-9082-dcaf-4abbabeb7404/icon_75.png,same,0,1
288,http://ecx.images-amazon.com/images/I/71-4hvbX8JL.png,http://ecx.images-amazon.com/images/I/81XhFXGp2YL.png,different,15,19
2300,http://a4.mzstatic.com/us/r1000/005/Purple/87/c1/4a/mzl.ngprfkzq.75x75-65.jpg,http://a2.mzstatic.com/us/r30/Purple/v4/17/8e/8b/178e8b33-7cda-e03c-9faa-b481844e3601/icon_75.png,same,0,1
2025,http://a2.mzstatic.com/us/r1000/084/Purple/2e/31/d6/mzl.mecufyfv.75x75-65.jpg,http://a4.mzstatic.com/us/r30/Purple/v4/c5/7d/1b/c57d1bcb-a39b-1888-9685-740fab16ffb6/icon_75.png,same,2,3
3880,http://a2.mzstatic.com/us/r1000/030/Purple/ec/49/6d/mzi.dsjscwaa.75x75-65.jpg,http://a4.mzstatic.com/eu/r30/Purple/v4/0e/c8/be/0ec8be9f-e5fd-9d8a-04ba-15f4481f839c/icon_75.png,same,2,0
3181,http://a2.mzstatic.com/us/r1000/035/Purple/a8/92/ba/mzl.ppqtdylp.75x75-65.jpg,http://a4.mzstatic.com/us/r30/Purple/v4/20/8f/8e/208f8e1d-0d0b-7767-2fce-010a1282f495/icon_75.png,same,0,1
2269,http://a3.mzstatic.com/us/r1000/034/Purple/c9/7f/e8/mzi.euivtqrd.75x75-65.jpg,http://a1.mzstatic.com/us/r30/Purple/v4/b8/38/ef/b838ef0a-931d-f666-ccd5-77f18c2f4986/icon_75.png,same,0,0
233,http://ecx.images-amazon.com/images/I/91lRSdifXNL.png,http://ecx.images-amazon.com/images/I/91yO3Gxa3BL.png,different,31,24
1601,https://lh3.ggpht.com/bPV-O0vydsSbitItLhUpKPyHJNrGaQtHtDmUULnMXQGrbEC4dO6bbnwIPwi90m5F3g=w300,https://lh3.googleusercontent.com/KQO0IDHj11XKJPlGfFt-aii21l98_eNeOReuiuEaj0a_b4XGgTweqfSoTxvj_0ENYg=w300,different,28,12
406,http://ecx.images-amazon.com/images/I/61BuIOsCQgL.png,http://ecx.images-amazon.com/images/I/61B7bmTErGL.png,different,11,11
2176,http://a4.mzstatic.com/us/r1000/012/Purple/c8/30/65/mzl.twzdkbqt.75x75-65.jpg,http://a5.mzstatic.com/us/r30/Purple/v4/82/96/b1/8296b178-9547-c11e-8775-7f7f13426702/icon_75.png,same,0,0
2238,http://a1.mzstatic.com/us/r1000/087/Purple/19/75/f6/mzl.svlxkuha.75x75-65.jpg,http://a3.mzstatic.com/us/r30/Purple/v4/ff/1c/26/ff1c265d-6cce-33d1-ba69-05c6bc87e8d3/icon_75.png,same,4,1
222,http://ecx.images-amazon.com/images/I/71Y%2BTRSkDSL.png,http://ecx.images-amazon.com/images/I/61rWXOc4leL.png,different,34,22
1771,https://lh5.ggpht.com/BmiJmLYSE-YwVSka4-_KrQG-B3kMCYoXURMBR31cXmfLQ0yXcLlnEyrsuYqcdOMJ4Bg=w300,https://lh3.googleusercontent.com/4wH06qNZrWAsgvqUCx-BhwSF5PMY2NS3jIHr0KQrTOQdPv6OcflKcbUH57xkOA2xn809=w300,different,24,22
1861,https://lh3.googleusercontent.com/of7OSM4DCWzTfIKIUe-lH40VFQxntXynbs_mx7-5gcY2D_nmBBuGTqj-JH_holgCB3U=w300,https://lh3.googleusercontent.com/zTTYClVTf8ViFyjbNok8tyWnTo_9HkHqjabm4SUeKUgRVSuIIw7Ek4vlbWq4Uzq3Ow=w300,different,19,13
2226,http://a2.mzstatic.com/us/r1000/093/Purple/ac/a3/38/mzl.gtvjclij.75x75-65.jpg,http://a4.mzstatic.com/us/r30/Purple/v4/16/2b/e5/162be5f3-5057-cc01-4098-199829698bc5/icon_75.png,same,0,0
587,http://ecx.images-amazon.com/images/I/311acS%2BZZUL.png,http://ecx.images-amazon.com/images/I/71TX2JZosZL.png,different,10,6
3326,http://a1.mzstatic.com/us/r1000/021/Purple/a1/db/67/mzl.fzveymqq.75x75-65.jpg,http://a1.mzstatic.com/us/r30/Purple/v4/a2/44/75/a2447581-7afa-d7f9-9234-6930ecd692cb/icon_75.png,same,0,2
1106,https://lh4.ggpht.com/w_ckSpAwZ1ry_gKzLS7DouAMrpSCg5qRX3fGHDkZciKxFc4afxzDYdBvGhYziL0X7N0=w300,https://lh3.googleusercontent.com/XCe4_1roNCdzhp3GW4ACAra5Ug6wpOUyjf9mwzn2bsCEgRvIIuVjImua2w5SU4KKbdU=w300,different,35,25
2065,http://a4.mzstatic.com/us/r1000/012/Purple/f0/6b/e4/mzi.ocsvaibc.75x75-65.jpg,http://a4.mzstatic.com/us/r30/Purple/v4/48/18/d3/4818d33e-6aab-a020-affd-e6a50acf76ed/icon_75.png,same,0,1
1361,https://lh3.googleusercontent.com/c0bl_mEkJtyMoDZaD8z1QfzHreAg6FEnyJFHUip-WybnK65Hkt3--4GnX_2mWdIsZQ=w300,https://lh3.googleusercontent.com/CXn-xzwaMsWzdhOyW4zKFY7oQarNH9gowJ2KXidEhLMP4h8HC7RRptJyUf8TKz--7a4J=w300,different,45,39
1681,https://lh3.googleusercontent.com/J7EGR0D2HEbJlvkUqRsVe-dZRaTGA-SobHVEl7c6WRrqi-mQBcd2UccPIfPjMfnmHbo0=w300,https://lh3.googleusercontent.com/y-Nhep-Qf70rJ5B605Gf9RE7YBkOXeea5p6-40J5CEgDxPQvcNdsdbfHKmtMT_VqCJA4=w300,different,29,22
2694,http://a2.mzstatic.com/us/r1000/113/Purple/v4/d2/8b/43/d28b434b-79b7-437d-395d-635c8323d41b/mzl.pgazsdoa.75x75-65.jpg,http://a4.mzstatic.com/us/r30/Purple/v4/ff/33/1a/ff331af8-e045-1718-bd6f-9479c08fb1df/icon_75.png,same,0,2
3724,http://a4.mzstatic.com/us/r1000/109/Purple/v4/58/97/28/58972874-7de3-6d12-9788-3a9d6cc9dcb4/mzl.penvojzg.75x75-65.jpg,http://a3.mzstatic.com/us/r30/Purple/v4/14/3e/42/143e4207-2370-fc34-0575-c4893663ba71/icon_75.png,same,0,0
3764,http://a3.mzstatic.com/us/r1000/016/Purple/46/35/f4/mzi.cncatadf.75x75-65.jpg,http://a3.mzstatic.com/us/r30/Purple/v4/f7/2f/b7/f72fb7b5-8e85-9c58-860c-82b0ba5fea2e/icon_75.png,same,0,0
1736,https://lh3.googleusercontent.com/ypS_zGmoQbJwIHwXFosa19qb-JpVHolTCJLCTLLyJgS1VFIsIGS-QlXZNIdR1WG4cNg6=w300,https://lh3.googleusercontent.com/sa7wu0DTWRfQ7kwEONgzjE142wRwngDg8552liqLwa7Gc0mcuFz_-Hy4DDr6pmP49ps=w300,different,29,25
685,http://ecx.images-amazon.com/images/I/810Mb2w17%2BL.png,http://ecx.images-amazon.com/images/I/81uHRk-X9vL.png,different,20,25
620,http://ecx.images-amazon.com/images/I/81AGhdwcQKL.png,http://ecx.images-amazon.com/images/I/81v4lSJWEiL._h1_.png,different,32,16
3102,http://a3.mzstatic.com/us/r1000/012/Purple/dc/d2/c8/mzi.pzqvyuot.75x75-65.jpg,http://a2.mzstatic.com/us/r30/Purple/v4/1e/bb/c7/1ebbc7bc-8586-ba4a-0651-c46639c07277/icon_75.png,same,0,1
2504,http://a1.mzstatic.com/us/r1000/040/Purple/cc/c5/2d/mzl.nrhuthtk.75x75-65.jpg,http://a1.mzstatic.com/us/r30/Purple/v4/54/03/fb/5403fb9b-aac5-d7f7-f9c7-fdc72b04cbc1/icon_75.png,same,0,0
3981,http://a1.mzstatic.com/us/r1000/059/Purple/66/d1/5c/mzl.jlwseycr.75x75-65.jpg,http://a2.mzstatic.com/us/r30/Purple/v4/ed/8f/c7/ed8fc774-f490-6b27-787f-d09c64cec83e/icon_75.png,same,0,1
1205,https://lh3.googleusercontent.com/E8iW0hmrpNsNb8jlX5ataJchserK3_0bdtiBw3FnvclxdREDxE9UTdwHsODOKMFRpQ=w300,https://lh3.googleusercontent.com/uyq4PP8YcALq-iUAaLjMtTh8-YcVkz0OYLPN49Tq7oJME5F5AcR8RlNsdDE9H6qTIik=w300,different,24,56
1250,https://lh6.ggpht.com/2unnP0rOg-oPEMK8SeRxFKezYwGQ4V5XajfHFfKZe0FnpIgaFSF5Ali_bik959GIhdw=w300,https://lh3.googleusercontent.com/WDsoNyx6whrc-0j4pnK1YGg3K32N14RTeddi5mOjwcWoPf6lpNavEVV7-JebtszUyhQ=w300,different,13,18
619,http://ecx.images-amazon.com/images/I/71Ce0%2BO7fDL.png,http://ecx.images-amazon.com/images/I/71yWNuL-wRL.png,different,32,20
640,http://ecx.images-amazon.com/images/I/91rN4PQZm8L.png,http://ecx.images-amazon.com/images/I/81hGmDbcGoL.png,different,21,27
2462,http://a5.mzstatic.com/us/r1000/046/Purple/d2/a8/d5/mzi.omgqrkdd.75x75-65.jpg,http://a2.mzstatic.com/us/r30/Purple/v4/29/5f/d6/295fd651-8de7-66db-df68-d0651cd59294/icon_75.png,same,0,1
3809,http://a5.mzstatic.com/us/r1000/056/Purple/38/80/ff/mzi.mudpwdje.75x75-65.jpg,http://a2.mzstatic.com/us/r30/Purple/v4/62/5c/a6/625ca6bc-8551-0742-0249-7b2989e1c8d2/icon_75.png,same,0,0
155,http://ecx.images-amazon.com/images/I/716RMCMo00L.png,http://ecx.images-amazon.com/images/I/51wJf2RtvxL.png,different,43,30
3533,http://a5.mzstatic.com/us/r1000/028/Purple/e5/71/4e/mzl.prernmqz.75x75-65.jpg,http://a1.mzstatic.com/us/r30/Purple/v4/f2/2a/d8/f22ad8f4-c19c-35bc-dd0d-3671ce80e471/icon_75.png,same,0,0
1630,https://lh3.googleusercontent.com/wTmii6of-NfBz3CcwheKEjaSsMajpQH-gn8bRN7UYoYqj0ut2dZOwLKfOLVQYSJPzw=w300,https://lh3.googleusercontent.com/WGkT3AYXqgpdHJmAfOgZ7ixsEJ-sVtfLc97Vdbmji8lgFyi-jziJesuruLp3WnmHCfw=w300,different,17,19
3437,http://a2.mzstatic.com/us/r1000/024/Purple/8d/13/89/mzl.whjuneqi.75x75-65.jpg,http://a1.mzstatic.com/us/r30/Purple/v4/9a/4c/6b/9a4c6b34-5a19-5875-4df3-3049d764fa0c/icon_75.png,same,1,0
1777,https://lh3.googleusercontent.com/wfTW5B4TvR91rZlGcKjRzQGD1j36gqCW_SbhsNw7b_nulSkwUHq1EYTUZH57Q_RxECuv=w300,https://lh3.googleusercontent.com/S_AP_BlbQY-3ufUDUZJU4bhhHI9K9SH1WwqzumpwRRA1uni7DoOjOYvIIno4hNdJ_UB6=w300,different,23,21
2096,http://a5.mzstatic.com/us/r1000/033/Purple/40/b5/82/mzl.longzmmu.75x75-65.jpg,http://a1.mzstatic.com/us/r30/Purple/v4/0c/36/1e/0c361e53-ee62-108e-bed1-c2eaa7094ac7/icon_75.png,same,0,0
1838,https://lh6.ggpht.com/nEJ8w2ZUSQbyL70DFOoTGwmiCwA88ch9gEXdJaDTsNuX8dOoPllQ8nHGzhGWvTv6G08y=w300,https://lh3.googleusercontent.com/ulQ_3H8A1F5Jar0rrBcTefKWhTb4E8b86of27Pjh440-S_54rRHIF5LYmcsAQiS4GiY=w300,different,30,11
2921,http://a1.mzstatic.com/us/r1000/066/Purple/12/b4/68/mzi.rawwregi.75x75-65.jpg,http://a1.mzstatic.com/us/r30/Purple/v4/70/d5/cc/70d5ccbe-f6b0-5d25-3fb1-9010ad45916f/icon_75.png,same,0,0
90,http://ecx.images-amazon.com/images/I/71tvoctgP%2BL.png,http://ecx.images-amazon.com/images/I/71K0fC28BaL.png,different,23,25
1793,https://lh3.googleusercontent.com/4ngAwwDBgNtC_0IOrqKxLgb8j0LOSPqnZvBjO1nOchMgqcH8JqsNYM0qq27dtYhu333m=w300,https://lh3.googleusercontent.com/ldFb5Mh1ElobBdW2n65q0GfrPdL3vz8noRCvbURudiooNEgvOKuZaBVThkWcerfDI10=w300,different,27,32
2239,http://a3.mzstatic.com/us/r1000/097/Purple/v4/45/0a/de/450ade13-70fa-b044-9ae5-5c286a30b021/mzl.zzsntbpv.75x75-65.jpg,http://a4.mzstatic.com/us/r30/Purple/v4/ef/ae/7a/efae7a90-c0a6-2fbb-2a9b-1fd09fb98c35/icon_75.png,same,0,0
835,http://ecx.images-amazon.com/images/I/81WAEOxULOL.png,http://ecx.images-amazon.com/images/I/818Ikzy0M2L.png,different,6,11
450,http://ecx.images-amazon.com/images/I/51brTMy02dL.png,http://ecx.images-amazon.com/images/I/81Qo0wZrBNL.png,different,34,24
2041,http://a1.mzstatic.com/us/r1000/073/Purple/v4/9b/79/ca/9b79caf7-232a-f310-2951-90ce7c24e825/mzl.augvtqgi.75x75-65.jpg,http://a2.mzstatic.com/us/r30/Purple/v4/54/9b/88/549b88cc-7948-b5b9-cc36-3120f7418a54/icon_75.png,same,0,0
2873,http://a1.mzstatic.com/us/r1000/096/Purple/v4/7c/42/ac/7c42ac59-70c8-6a33-bcca-168d810819ee/mzl.zwhkxbma.75x75-65.jpg,http://a4.mzstatic.com/us/r30/Purple/v4/a8/f4/c8/a8f4c890-5f58-dddc-d322-523ac742d913/icon_75.png,same,2,1
3131,http://a1.mzstatic.com/us/r1000/026/Purple/42/48/4b/mzl.zayvevrk.75x75-65.jpg,http://a1.mzstatic.com/us/r30/Purple/v4/f6/97/fa/f697fa9c-114f-421e-0a4c-83ca46abc373/icon_75.png,same,1,0
2495,http://a5.mzstatic.com/us/r1000/006/Purple/9d/d6/36/mzi.zdisecxr.75x75-65.jpg,http://a5.mzstatic.com/us/r30/Purple/v4/32/b7/8a/32b78a11-97b7-4dbf-10b9-cb388c55993c/icon_75.png,same,1,1
3107,http://a2.mzstatic.com/us/r1000/084/Purple/66/b0/59/mzi.qpqfiqug.75x75-65.jpg,http://a2.mzstatic.com/us/r30/Purple/v4/31/54/17/3154172b-e22e-67bb-fd5b-2767cd3470bd/icon_75.png,same,0,0
3027,http://a5.mzstatic.com/us/r1000/094/Purple2/v4/0b/1c/1b/0b1c1be4-d2f0-cd75-1a9b-893a88793c19/mzl.jctuuxks.75x75-65.jpg,http://a1.mzstatic.com/us/r30/Purple2/v4/9f/de/06/9fde0602-ea2c-dd95-bfd7-3da7acb2fbee/icon_75.png,same,0,1
3512,http://a1.mzstatic.com/us/r1000/103/Purple/21/ca/c4/mzl.lhfvyajb.75x75-65.jpg,http://a2.mzstatic.com/us/r30/Purple/v4/1f/53/2b/1f532b3e-f602-a95c-5405-9a3185173b69/icon_75.png,same,0,0
3238,http://a2.mzstatic.com/us/r1000/016/Purple/bd/13/3c/mzi.gblsxpbr.75x75-65.jpg,http://a5.mzstatic.com/us/r30/Purple/v4/a3/0d/5f/a30d5f53-a249-a7f9-087f-44e319281bdd/icon_75.png,same,0,0
3680,http://a5.mzstatic.com/us/r1000/051/Purple/d4/4b/37/mzi.gyjsducg.75x75-65.jpg,http://a2.mzstatic.com/us/r30/Purple/v4/3f/27/10/3f271048-16fc-2df3-31bd-77bfc472e501/icon_75.png,same,0,0
906,http://ecx.images-amazon.com/images/I/6152w4tMVAL.png,http://ecx.images-amazon.com/images/I/51xkUrvEvrL.png,different,30,19
1399,https://lh4.ggpht.com/MY7cCr-lakVQhbmHMIr9A6rIPnLnrerVxKzCGEzCV2YUR_midYlNVC0xWUgA34lZ8FM=w300,https://lh3.googleusercontent.com/Q6Q3SNB0cqKpdPoAjuggQjwOHVUb5gmLsCZhO0KTYgNS_O_oQdbgDUREHPFalfe14Ps=w300,different,32,37
3473,http://a3.mzstatic.com/us/r1000/021/Purple/5b/cb/93/mzi.xphmogmj.75x75-65.jpg,http://a5.mzstatic.com/us/r30/Purple/v4/01/2e/b5/012eb5be-2e2d-eeb2-d406-a963bbda06fb/icon_75.png,same,0,1
2164,http://a4.mzstatic.com/us/r1000/057/Purple/e2/10/73/mzl.pciavexl.75x75-65.jpg,http://a1.mzstatic.com/us/r30/Purple/v4/30/2d/f6/302df68c-6638-949e-6c5e-b328c058ba8f/icon_75.png,same,0,0
3511,http://a5.mzstatic.com/us/r1000/050/Purple/a7/1f/75/mzl.jufsrruv.75x75-65.jpg,http://a2.mzstatic.com/us/r30/Purple/v4/d5/82/06/d582069b-4648-d64e-4818-65064f2ae1ef/icon_75.png,same,0,0
567,http://ecx.images-amazon.com/images/I/81JTe%2BuOYWL.png,http://ecx.images-amazon.com/images/I/81PqZu2f2nL.png,different,28,29
2996,http://a3.mzstatic.com/us/r1000/034/Purple/5f/3d/8f/mzl.nlivpjup.75x75-65.jpg,http://a4.mzstatic.com/us/r30/Purple/v4/3a/69/84/3a6984c6-38e8-46e6-d8eb-38ed80b2c7b1/icon_75.png,same,0,0
1468,https://lh3.googleusercontent.com/9iNP_2x9lKaujxx6osavvTw1IpE6GBgpAtzXYkS3rtljei8jQHIRgVcNpOt36mF159pb=w300,https://lh3.googleusercontent.com/oL3eRp7ei7wmT8851NKKwBcruO5GZP5DmmOBPTVeV5jitLQ9xdKXy1crJl9PvNttbPpO=w300,different,16,23
2522,http://a2.mzstatic.com/us/r1000/001/Purple/eb/55/e1/mzl.pgsgfxfa.75x75-65.jpg,http://a2.mzstatic.com/us/r30/Purple/v4/e7/e5/8a/e7e58ab4-504e-bb2d-f172-a36ed69a2801/icon_75.png,same,0,0
2034,http://a3.mzstatic.com/us/r1000/044/Purple/c5/f9/01/mzl.byjkxhgs.75x75-65.jpg,http://a1.mzstatic.com/us/r30/Purple/v4/11/d0/1b/11d01b8b-c178-1ce1-98e1-75d9aed79c98/icon_75.png,same,1,0
2961,http://a1.mzstatic.com/us/r1000/029/Purple/8b/ba/eb/mzl.kvehjydr.75x75-65.jpg,http://a5.mzstatic.com/us/r30/Purple/v4/a3/a4/61/a3a46114-9478-0a7e-74d9-0ce4424fe5ef/icon_75.png,same,0,0
1894,https://lh6.ggpht.com/XnAw3Lxf7PKs9vZLowYlakFXRLX51yZyJy-24kc9e-z4apRzs_1MTfCn-wr27RRnQQ=w300,https://lh3.googleusercontent.com/kNXjlghE83ZXikImHdiN80Dg0cVmuhiu46waryzZC8D9Ggko5FxAupgmWMt5QkM8TTQ=w300,different,12,6
2284,http://a4.mzstatic.com/us/r1000/033/Purple/03/1d/9b/mzl.kknrjant.75x75-65.jpg,http://a2.mzstatic.com/us/r30/Purple/v4/f3/1e/dd/f31edd73-92b5-fc42-91ad-2c8134782143/icon_75.png,same,1,0
1186,https://lh6.ggpht.com/4IHBqhU1U3ngsDjJAV3QsYpvIUE9NmW8uheb-ipuE49yN21dsJWsDdZCU_N8CaWr1g=w300,https://lh3.googleusercontent.com/-po1VdYd9F4MyA-zyLLu8cePJYUhj0zDLKVGfaOFAB8fqWiHklZrtY3pgeg5zJstUHeQ=w300,different,24,15
3800,http://a1.mzstatic.com/us/r1000/051/Purple/f1/94/6c/mzl.tpmqmabr.75x75-65.jpg,http://a5.mzstatic.com/us/r30/Purple/v4/05/9b/ef/059bef0b-0ede-fd29-1630-d3d0e8d11fa3/icon_75.png,same,2,0
2754,http://a4.mzstatic.com/us/r1000/027/Purple/9b/54/60/mzi.ssjsoxsj.75x75-65.jpg,http://a5.mzstatic.com/us/r30/Purple/v4/c7/ab/ea/c7abea5d-6a34-6ff6-b7ac-bbc5c90ca8d0/icon_75.png,same,1,0
2127,http://a1.mzstatic.com/us/r1000/024/Purple/7e/7c/a9/mzi.qnpdfdso.75x75-65.jpg,http://a5.mzstatic.com/us/r30/Purple/v4/34/6f/a5/346fa56a-08a2-69ee-f370-e78df8b7da71/icon_75.png,same,0,0
668,http://ecx.images-amazon.com/images/I/81KanZK1E2L.png,http://ecx.images-amazon.com/images/I/81xCUMIN2kL.png,different,27,20
2216,http://a4.mzstatic.com/us/r1000/013/Purple/66/87/21/mzl.ychcgpxv.75x75-65.jpg,http://a2.mzstatic.com/us/r30/Purple/v4/fe/98/8d/fe988dab-2374-4dfe-f36c-b6f6551459f3/icon_75.png,same,0,0
2723,http://a3.mzstatic.com/us/r1000/035/Purple/17/5c/72/mzl.qxputumn.75x75-65.jpg,http://a5.mzstatic.com/us/r30/Purple/v4/f6/cd/c5/f6cdc5f6-8904-dd6b-bf1d-3b0c80049e30/icon_75.png,same,2,3
1007,https://lh3.googleusercontent.com/F3xFwQIqqCMWuPGEMa1eAgBhYvGvDcE8Oe0jrMvhplTEcSbYPnd4QtfL9Co6itWh0C0=w300,https://lh3.googleusercontent.com/p94XA1_aRzYGybgkg8wdjpyX_HRb7znzCJHpp3NgdvPI6jvXtO3egURIZEqSuQ3g1bw=w300,different,34,26
562,http://ecx.images-amazon.com/images/I/81n2P3HPkjL.png,http://ecx.images-amazon.com/images/I/91WUcawLirL.png,different,25,25
2064,http://a1.mzstatic.com/us/r1000/008/Purple/f6/06/70/mzl.yakdyzpp.75x75-65.jpg,http://a2.mzstatic.com/us/r30/Purple/v4/86/51/34/865134b8-d5df-79e5-69f3-f3d532a87fef/icon_75.png,same,1,1
946,http://ecx.images-amazon.com/images/I/91n1RpP2MaL.png,http://ecx.images-amazon.com/images/I/910svp0nttL.png,different,31,29
3456,http://a5.mzstatic.com/us/r1000/025/Purple/ff/b7/3e/mzl.rlqorpcw.75x75-65.jpg,http://a1.mzstatic.com/us/r30/Purple/v4/ba/66/ae/ba66ae48-a999-7012-223b-64358fd4322e/icon_75.png,same,0,1
1426,https://lh3.googleusercontent.com/v3oM9jx1NTFbSfKO5Uvxy6Df3Fow25lrIaKLS4Z5_7wvacopS-jjh-tf0kLy9_STwZc=w300,https://lh3.googleusercontent.com/oLOjRRpun2-e0XrEgbj8_kIV-nsPASzWobFPg13MErQDQ_09zucQct8Ifu22FGswdoRt=w300,different,9,13
22,http://ecx.images-amazon.com/images/I/81twf6XIVgL.png,http://ecx.images-amazon.com/images/I/61CM96JqdTL.png,different,40,32
385,http://ecx.images-amazon.com/images/I/81Ogwc8pKJL.png,http://ecx.images-amazon.com/images/I/81Px8adjKCL.png,different,21,17
1748,https://lh3.googleusercontent.com/57mEwMUP7TcWKOyLTwKf5aRxR5aYYTlR4Q5kOemFZpT0iplggvYoYKkztDdWAVtXIgw=w300,https://lh3.googleusercontent.com/GWGSqaXqpzCdHB8DxgZzd3S1d797QvXem58aU1P-IJJk9skvXakcpw1Xt7S_-MyMWBE=w300,different,36,31
2652,http://a3.mzstatic.com/us/r1000/030/Purple/55/57/5b/mzi.kgdbbvsl.75x75-65.jpg,http://a3.mzstatic.com/us/r30/Purple/v4/df/88/9f/df889fe7-0ac9-e044-feaa-e77b8e601d38/icon_75.png,same,1,1
3838,http://a4.mzstatic.com/us/r1000/016/Purple/e5/dc/b9/mzl.nlkvgufr.75x75-65.jpg,http://a4.mzstatic.com/us/r30/Purple/v4/c9/4f/98/c94f98f4-cbbd-7c8c-b67d-88aa418e391c/icon_75.png,same,0,0
1792,https://lh3.googleusercontent.com/OEcXkifoJi2gyRTDrP-RzbkeWgkmwQZy3Uo_9dmkboHpQLvap9HXXKuV8_K5zz2S=w300,https://lh3.googleusercontent.com/WEMdvkzJJQYP0V0rcdW9YI6tEbZ1PeTwX5tvLvKAPmK7aCuxDin8YbZYHWyf8px3HA=w300,different,30,24
477,http://ecx.images-amazon.com/images/I/61FcnP2ic%2BL.png,http://ecx.images-amazon.com/images/I/41pOKDltKdL.png,different,22,25
3930,http://a5.mzstatic.com/us/r1000/091/Purple/0d/5e/83/mzm.eomanqfp.75x75-65.jpg,http://a3.mzstatic.com/us/r30/Purple/v4/2a/d3/f1/2ad3f19f-9f03-cd84-5677-b8b3b368a991/icon_75.png,same,0,1
709,http://ecx.images-amazon.com/images/I/61Nu11HvR9L.png,http://ecx.images-amazon.com/images/I/51PI4cWvbSL.png,different,24,13
905,http://ecx.images-amazon.com/images/I/71WFOnrxkbL.png,http://ecx.images-amazon.com/images/I/71Vv7OXsTNL.png,different,12,6
3383,http://a4.mzstatic.com/us/r1000/004/Purple/de/5b/c3/mzl.rgqnlwfy.75x75-65.jpg,http://a3.mzstatic.com/us/r30/Purple/v4/62/7a/6b/627a6b8d-ed53-b17a-d87a-ada90e7a5fd6/icon_75.png,same,0,0
2587,http://a2.mzstatic.com/us/r1000/027/Purple/be/41/73/mzi.vwxwudrb.75x75-65.jpg,http://a2.mzstatic.com/us/r30/Purple/v4/52/c8/17/52c81772-72df-36c6-75b3-fe62b419fc3e/icon_75.png,same,2,0
2541,http://a5.mzstatic.com/us/r1000/106/Purple/v4/c0/dd/77/c0dd7730-ecbf-a777-1ba7-2ebe56b2554f/mzi.uqxxesoi.75x75-65.jpg,http://a3.mzstatic.com/us/r30/Purple/v4/8c/b5/17/8cb517cd-e2b4-f11d-3cde-47e3bbe50c57/icon_75.png,same,0,1
3195,http://a1.mzstatic.com/us/r1000/118/Purple/ee/71/bd/mzl.cuaccgdg.75x75-65.jpg,http://a1.mzstatic.com/us/r30/Purple/v4/e8/1c/8c/e81c8c65-4e68-8b4c-9bda-6e989577a635/icon_75.png,same,0,0
2427,http://a3.mzstatic.com/us/r1000/100/Purple/b2/9c/06/mzl.phobdvek.75x75-65.jpg,http://a3.mzstatic.com/us/r30/Purple/v4/c3/11/cb/c311cb70-d883-0e99-fc55-930ed8e07cc0/icon_75.png,same,0,1
2449,http://a1.mzstatic.com/us/r1000/047/Purple/46/da/96/mzl.ohoagtqn.75x75-65.jpg,http://a3.mzstatic.com/jp/r30/Purple/