2882,same,3
2250,same,0
1896,different,26
1435,different,20
418,different,19
3734,same,1
844,different,36
192,different,9
2481,same,0
1943,different,55
2292,same,0
1243,different,20
1029,different,47
2122,same,0
3897,same,0
1423,different,23
3241,same,0
3087,same,0
3150,same,0
2301,same,3
1422,different,4
1915,different,34
3275,same,1
439,different,30
3546,different,1
667,different,33
232,different,26
2969,same,2
1191,different,22
2758,same,1
2032,same,0
3065,same,0
1613,different,17
1465,different,9
3171,same,0
307,different,28
1816,different,20
3429,same,1
3874,same,3
1256,different,12
494,different,25
2768,same,2
1367,different,12
1907,different,48
1440,different,4
1820,different,21
1562,different,29
1326,different,3
3756,same,1
1872,different,7
103,different,16
2200,same,0
1158,different,12
2542,same,0
3573,same,0
483,different,20
1362,different,27
724,different,29
930,different,14
3520,same,0
438,different,25
1568,different,53
1317,different,18
757,different,32
779,different,5
1064,same,3
1970,different,13
2877,same,1
73,different,19
1566,different,18
2981,same,0
1434,different,38
13,different,15
2735,same,0
2306,same,0
3415,different,11
3303,same,1
3868,same,1
536,different,25
125,different,5
657,different,16
638,different,19
2026,same,0
2080,same,1
2687,same,0
3156,same,0
449,different,9
1346,different,9
3249,same,0
2888,same,2
1047,different,22
3054,same,0
405,different,17
1574,different,13
1271,different,16
2937,same,0
1984,different,43
768,different,9
2959,same,0
847,different,23
4004,different,23
2277,same,0
3185,same,0
3478,same,1
2557,same,0
2830,same,1
1825,different,33
2740,same,0
2395,same,0
1751,different,22
3051,same,0
882,different,12
2666,same,2
2121,same,1
3839,same,0
832,different,29
1575,different,10
3487,same,0
2856,same,0
3236,same,1
3188,same,0
1615,different,46
1130,different,19
1350,different,54
3001,same,0
3553,same,0
1203,different,21
3132,same,0
1357,different,28
2814,same,1
3610,same,0
3609,same,0
3803,same,2
1883,different,20
49,different,28
1702,different,6
3354,same,1
2056,same,0
2464,same,0
3761,same,0
883,different,29
1576,different,15
981,different,30
85,different,22
2234,same,0
1929,different,15
3662,same,1
1179,different,16
3086,same,1
489,different,29
2140,same,0
1948,different,10
2219,same,3
1879,different,41
2843,same,0
626,different,31
2017,same,1
1570,different,24
1773,different,19
2358,same,7
3021,same,1
2647,same,0
3666,same,2
3245,same,0
2939,same,1
1905,different,13
1156,same,14
3596,same,0
732,different,9
1930,different,46
2797,same,0
1125,different,14
1123,different,4
2653,same,0
3763,same,0
1391,different,19
277,different,2
3293,same,0
2779,same,3
3795,same,9
1897,different,13
915,different,18
2509,same,2
2268,same,1
3535,same,0
2120,same,1
2894,same,0
2621,same,1
2513,same,0
141,different,28
2553,same,1
1590,different,26
1713,different,34
2816,same,1
1679,different,17
517,different,3
2983,same,0
1656,different,28
1006,different,16
2569,same,0
1342,different,14
2603,same,0
75,different,22
1032,different,19
2677,same,0
1932,different,30
1759,different,40
1766,different,34
3632,same,0
1005,different,18
1280,different,16
2073,same,0
2203,same,1
2086,same,0
3725,same,0
1527,different,2
2732,same,1
288,different,19
2300,same,1
2025,same,3
3880,same,0
3181,same,1
2269,same,0
233,different,24
1601,different,12
406,different,11
2176,same,0
2238,same,1
222,different,22
1771,different,22
1861,different,13
2226,same,0
587,different,6
3326,same,2
1106,different,27
2065,same,1
1361,different,39
1681,different,22
2694,same,2
3724,same,0
3764,same,0
1736,different,25
685,different,25
620,different,16
3102,same,1
2504,same,0
3981,same,1
1205,different,56
1250,different,18
619,different,20
640,different,27
2462,same,1
3809,same,0
155,different,30
3533,same,0
1630,different,19
3437,same,0
1777,different,21
2096,same,0
1838,different,11
2921,same,0
90,different,25
1793,different,32
2239,same,0
835,different,11
450,different,24
2041,same,0
2873,same,1
3131,same,0
2495,same,1
3107,same,0
3027,same,1
3512,same,0
3238,same,0
3680,same,0
906,different,19
1399,different,37
3473,same,1
2164,same,0
3511,same,0
567,different,29
2996,same,0
1468,different,23
2522,same,0
2034,same,0
2961,same,0
1894,different,6
2284,same,0
1186,different,15
3800,same,0
2754,same,0
2127,same,0
668,different,20
2216,same,0
2723,same,3
1007,different,26
562,different,25
2064,same,1
946,different,29
3456,same,1
1426,different,14
22,different,32
385,different,17
1748,different,31
2652,same,1
3838,same,0
1792,different,24
477,different,25
3930,same,1
709,different,13
905,different,6
3383,same,0
2587,same,0
2541,same,1
3195,same,0
2427,same,1
2449,same,1
427,different,13
1292,different,15
1672,different,23
3232,same,1
301,different,27
3896,same,0
1780,different,13
1185,same,3
3793,same,0
1657,different,20
714,different,30
230,different,11
3032,same,2
1937,different,29
827,different,11
2279,same,1
958,different,35
2680,same,0
2217,same,0
1240,different,33
1182,different,42
3005,same,3
1041,different,32
43,different,15
2548,same,1
106,different,10
126,different,10
1216,different,18
1425,different,26
3561,same,0
1274,different,22
550,different,6
1218,different,34
2237,same,1
816,different,33
1832,different,18
3015,same,0
206,different,27
3931,same,0
80,different,16
420,different,9
3866,same,4
3899,same,0
1619,different,9
1269,different,22
2601,same,1
2560,same,0
1050,different,28
2978,same,0
1972,different,2
1228,different,25
1177,different,30
180,different,17
391,different,13
3343,same,1
575,different,31
2008,same,0
2936,same,0
3345,same,0
95,different,22
3600,same,0
3094,same,0
3309,same,0
436,different,10
3629,same,1
59,different,22
3647,same,1
3139,same,0
1242,different,15
2431,same,0
2145,same,0
2593,same,0
2614,same,0
690,different,10
412,different,28
1505,different,18
1214,different,32
2789,same,1
636,different,32
1173,different,11
3310,same,0
3635,same,2
2947,same,4
3702,same,0
3242,same,0
2391,same,0
2393,same,0
413,different,14
331,different,10
2635,same,1
82,different,3
799,different,11
2182,same,0
888,different,21
2114,same,0
55,different,18
2273,same,0
2112,same,1
2405,same,1
1048,different,7
3459,same,0
2917,same,1
1797,different,55
1893,different,13
573,different,18
1308,different,19
2055,same,0
622,different,29
3924,same,1
40,different,32
2795,same,0
919,different,22
2303,same,1
1319,different,34
3987,same,1
656,different,15
1922,different,18
1457,different,16
767,different,11
2648,same,0
3043,same,0
394,different,26
3827,same,0
2846,different,29
3966,same,0
2061,same,0
2346,same,0
1517,different,26
2478,same,1
3143,same,2
2870,same,0
2266,same,0
701,different,14
3098,same,0
1842,different,18
1170,different,39
526,different,17
1343,different,24
1102,different,30
1989,different,19
1998,different,14
311,different,14
1022,different,52
1180,different,24
1411,different,30
1305,different,23
292,different,21
1374,different,27
1099,different,21
2442,same,0
943,different,25
3558,same,2
875,different,19
1087,different,22
3425,same,0
649,different,26
1377,different,28
3019,same,0
3934,same,0
3253,same,0
1474,different,37
1550,different,26
3432,same,1
2766,same,2
3913,same,0
1683,different,26
627,different,1
665,different,1
3233,same,0
727,different,26
3525,same,0
547,different,24
3612,same,0
3517,same,0
1224,different,17
902,different,5
3817,same,0
2488,different,13
778,different,10
3395,same,0
3547,same,0
3513,same,0
2520,same,0
1092,different,14
1071,different,13
105,different,26
1995,different,27
1712,different,38
3758,same,0
1275,different,16
196,different,15
2719,same,0
812,different,11
890,different,27
2668,same,1
2632,same,0
3331,same,0
3070,same,0
2332,same,1
1010,different,26
1542,different,42
3119,same,0
469,different,19
3625,same,0
2290,same,0
3783,same,1
1258,different,7
3162,same,0
1810,different,0
3560,same,0
5,different,11
1633,different,28
228,different,24
1738,different,38
2368,same,0
554,different,36
1618,different,5
50,different,32
2089,same,0
2189,same,0
1396,different,21
154,different,17
813,different,28
1215,different,22
2515,same,0
1996,different,15
1222,different,12
113,different,19
1311,different,2
3545,same,0
1327,different,18
2124,same,0
1753,different,20
2954,same,0
2262,same,0
849,different,23
2325,same,0
327,different,13
1508,different,23
70,different,24
3240,same,1
698,different,9
352,different,29
3675,same,1
1075,different,22
1525,different,26
272,different,22
3374,same,0
1992,different,19
3306,same,0
3221,same,1
2204,same,0
2240,same,0
1499,different,38
2527,same,0
2967,same,1
2113,same,1
2003,same,1
700,different,26
1695,different,23
500,different,20
2507,same,0
3626,same,0
2372,same,1
1458,different,1
2308,same,0
3743,same,2
210,different,26
1711,different,25
1882,different,12
38,different,5
1318,different,5
1778,different,6
151,different,22
2510,same,0
1261,different,23
36,different,32
2822,same,2
3723,same,1
850,different,18
3792,same,0
2190,same,0
511,different,15
780,different,17
1153,different,15
1252,different,13
3637,same,6
2220,different,3
773,different,19
3409,same,0
2328,same,1
631,different,14
3012,same,1
3091,same,0
1722,different,22
2599,same,0
968,different,20
1599,different,5
1851,different,24
3942,same,0
3280,same,1
468,different,22
544,different,21
1306,different,4
502,different,16
903,different,30
2849,same,0
1660,different,24
2244,same,0
2863,same,0
3852,same,0
3909,same,0
249,different,27
3556,same,0
3430,same,0
2968,same,0
18,different,24
3867,same,0
1495,different,15
392,different,25
2815,same,1
2588,same,0
140,different,20
1921,different,28
24,different,33
2809,same,0
2572,same,0
2726,same,1
2503,same,0
1296,same,11
498,different,10
707,different,10
2339,same,0
3915,same,0
682,different,34
41,different,30
2043,same,0
1694,different,22
3078,same,0
1447,different,34
3770,same,0
3688,same,0
1211,different,44
763,different,31
1689,different,17
3398,same,1
3713,same,0
1742,different,24
3308,same,0
3802,same,1
743,different,25
2404,same,0
911,different,27
3,different,9
3202,same,0
752,different,23
172,different,27
3407,same,0
1867,different,15
2675,same,1
178,different,12
1160,different,23
1761,different,35
771,different,27
936,different,24
960,different,25
2533,same,0
1000,different,6
432,different,13
340,different,25
794,different,25
356,different,26
546,different,17
824,different,16
755,different,22
2010,same,0
1608,different,5
2469,same,0
1302,different,11
309,different,19
1220,different,7
2575,same,1
576,different,23
3490,same,0
803,different,10
1739,different,23
2194,same,0
3979,same,2
63,different,10
2900,same,0
3769,same,0
1272,different,13
3178,same,0
3307,same,0
2070,same,1
205,different,27
3501,same,0
484,different,28
3244,same,0
3622,same,0
1314,different,41
3179,same,0
1744,different,5
171,different,8
2501,same,0
2881,same,0
2713,same,1
2879,same,1
2318,same,1
3189,same,0
300,different,23
925,different,28
1460,different,1
3540,same,0
674,different,7
1081,different,21
3405,same,0
287,different,15
302,different,42
3916,same,1
3670,same,0
2483,same,2
3033,same,0
2133,same,0
2828,same,0
3807,same,0
747,different,4
3198,same,0
3639,same,1
2960,same,0
1407,different,38
1077,different,21
3615,same,1
3491,same,4
402,different,31
2670,same,0
2633,same,1
2060,same,1
2154,same,0
2962,same,0
2326,same,0
877,different,38
564,different,27
1478,different,17
3075,same,1
921,different,15
2639,same,0
2254,same,0
366,different,31
3818,same,0
3794,same,1
3476,same,0
1104,different,7
920,different,24
613,different,17
3433,same,0
1941,different,17
855,different,13
1093,different,26
585,different,24
2629,same,4
336,different,32
1997,different,8
431,different,10
2526,same,5
3584,same,0
298,different,13
868,different,29
1341,different,28
3488,same,1
444,different,29
792,different,34
3115,same,0
959,different,41
3587,same,1
3168,same,1
1277,different,45
1733,different,29
2703,same,0
2654,same,0
2721,same,0
1,different,17
3421,same,1
3313,same,0
2249,same,0
1994,different,32
423,different,14
3534,same,0
1763,different,30
828,different,26
1212,different,26
245,different,12
322,different,25
3877,same,0
787,different,27
1265,different,23
2429,same,2
3314,same,0
3937,same,0
2638,same,1
1908,different,20
3974,same,0
1157,different,36
2823,same,0
2021,same,1
986,different,29
1530,same,6
2100,same,0
2930,same,0
217,different,28
1028,different,16
1062,different,16
2885,same,2
2586,same,0
348,different,33
834,different,14
2887,same,0
2988,same,0
57,different,37
1646,different,6
3467,same,0
3192,same,2
2448,same,0
976,different,27
3526,same,5
1217,different,8
3031,same,1
218,different,19
549,different,36
2261,same,0
490,different,10
1174,different,12
3104,same,0
3090,same,0
1589,different,31
215,different,18
3498,same,0
808,different,21
478,different,29
3205,same,0
1393,different,10
2683,same,0
2676,same,0
3716,same,0
2951,same,0
32,different,24
2411,same,1
3382,same,1
310,different,25
1188,different,20
1782,different,16
1366,different,1
1286,different,46
3112,same,1
3755,same,1
516,different,18
675,different,4
3855,same,0
1381,different,10
1257,different,24
2078,same,0
3081,same,0
3661,same,0
679,different,11
2971,same,1
3004,same,0
297,different,17
2210,same,0
2480,same,1
552,different,13
572,different,3
904,different,25
553,different,28
1925,different,24
1840,different,9
616,different,27
224,different,3
2252,same,0
104,different,1
2975,same,0
330,different,35
2486,same,0
482,different,28
3933,same,1
916,different,39
1839,different,48
3210,same,1
152,different,21
2212,same,4
285,different,27
579,different,21
3574,same,1
1455,different,27
3740,same,3
2160,same,1
3325,same,0
3401,same,0
3938,same,1
3110,same,3
2440,same,1
754,different,24
672,different,29
2492,same,0
1378,different,22
3750,same,3
2679,same,0
1467,different,27
2597,same,1
524,different,20
2408,same,0
3754,same,1
1973,different,22
858,different,37
3440,same,0
2531,same,2
443,different,29
1977,different,11
1183,different,26
457,different,20
3204,same,0
111,different,35
2506,same,0
3861,same,4
561,different,18
914,different,41
3311,same,0
1693,different,5
320,different,31
3234,same,0
1869,different,23
1282,different,18
643,different,34
3273,same,0
1559,different,10
2149,same,0
1017,different,15
2228,same,0
3530,same,0
3053,same,0
3292,same,0
1767,different,25
2974,same,1
3859,same,0
2385,same,0
1401,different,29
1330,different,14
669,different,31
1678,different,18
909,different,24
3390,same,0
3782,same,0
407,different,22
1283,different,17
1033,different,12
2656,same,2
346,different,11
1210,different,27
3483,same,1
1682,different,19
1870,different,35
711,different,5
1961,different,27
551,different,22
3141,same,1
2699,same,3
1229,different,23
3295,same,1
2413,same,0
2256,same,1
325,different,30
2644,same,0
74,different,7
1038,different,22
3753,same,2
3970,same,0
10,different,18
1207,same,15
2260,same,2
1384,different,48
2347,same,0
3016,same,0
132,different,22
2218,same,0
242,different,28
1208,different,16
3766,same,0
3671,same,2
3715,same,1
759,different,29
1845,different,20
3883,same,3
2958,same,1
3218,same,0
531,different,24
2207,same,0
1045,different,8
269,different,14
1144,different,10
2389,same,1
2539,same,0
3785,same,1
1245,different,9
3024,same,0
3443,same,0
3271,same,0
283,different,13
708,different,28
1150,different,10
972,different,18
3597,same,3
2067,same,0
2235,same,0
1371,different,26
2117,same,0
3665,same,0
1880,different,21
1588,different,18
212,different,5
989,different,45
162,different,10
208,different,23
3569,same,0
1054,different,25
2852,same,0
3683,same,1
2502,same,0
3436,same,0
14,same,5
2205,same,0
582,different,11
397,different,4
2692,same,0
760,different,24
3571,same,0
938,different,3
721,different,22
393,different,17
833,different,29
3841,same,0
3706,same,0
417,different,28
317,different,26
1592,different,24
2722,same,2
2341,same,0
1909,different,20
2759,same,0
881,different,10
1323,different,7
193,different,19
3985,same,0
2077,same,6
1760,different,40
1849,different,37
2381,same,0
3893,same,1
94,different,11
3387,same,1
3559,same,0
3503,same,0
2848,same,0
897,different,19
2044,same,0
3983,same,2
3289,same,0
917,different,19
318,different,34
1841,different,6
2905,same,0
231,different,28
1745,different,33
2181,same,0
1484,different,33
1978,different,23
2747,same,1
299,different,30
952,different,23
3317,same,0
2893,same,1
313,different,2
369,different,20
3410,same,0
2787,same,0
784,different,26
257,different,28
2912,same,0
3128,same,0
1967,different,12
3061,same,0
1538,different,22
648,different,6
53,different,29
2494,same,0
506,different,27
2945,same,0
2493,same,0
3282,same,2
437,different,34
3932,same,0
2733,same,0
3216,same,0
1267,different,24
3206,same,0
51,different,25
1402,different,15
603,different,35
2396,same,0
805,different,33
2580,same,0
857,different,38
3350,same,0
3779,same,0
1433,different,23
3097,same,2
3864,same,2
3148,same,1
2201,same,0
922,different,14
1855,different,40
3123,same,0
2982,same,0
244,different,18
1623,different,13
175,different,6
766,different,25
1427,different,16
2864,same,0
2232,same,0
3348,same,0
1779,different,18
2271,same,1
3627,same,0
3180,same,0
1416,different,41
2781,same,0
543,different,15
2036,same,0
3056,same,1
99,different,33
2108,same,0
1804,different,35
3977,same,0
1009,different,25
3442,same,0
2524,same,0
646,different,23
3882,same,0
2019,same,1
1262,same,9
3992,same,0
2489,same,1
3745,same,0
3529,same,1
1584,different,28
1297,different,17
3207,same,0
3291,same,0
1013,different,35
334,different,18
3907,same,0
2158,same,0
945,different,21
1469,different,8
581,different,8
2555,same,0
2941,same,0
1049,different,33
1875,different,21
1098,different,7
826,different,2
3284,same,0
1189,different,15
836,different,10
165,different,17
2583,same,0
1244,different,25
2482,same,0
3885,same,0
1439,different,29
2741,same,0
200,different,11
1625,different,10
639,different,26
2345,same,0
351,different,37
3516,same,3
688,different,8
2438,same,1
2028,same,0
3999,same,0
2388,same,0
625,different,25
2435,same,1
2544,same,2
663,different,42
957,different,10
2808,same,0
3486,same,0
655,different,19
590,different,17
1593,different,9
3957,same,0
2417,same,0
3768,same,0
195,different,4
1876,different,28
3585,same,0
3422,same,1
1815,different,11
3323,same,1
3067,same,0
3152,same,0
1166,different,18
2853,same,0
1707,different,24
997,different,19
290,same,3
260,different,27
1287,different,26
746,different,19
2819,same,0
2841,same,1
321,different,22
1503,different,15
2718,same,0
2530,same,0
2461,same,0
100,different,23
83,different,6
3541,same,0
2430,same,0
2090,same,0
3039,same,1
2046,same,0
251,different,21
3531,same,0
20,different,13
144,same,4
1142,different,34
3691,same,0
3384,same,2
17,different,14
3911,same,2
2976,same,0
2999,same,1
1836,different,25
2702,same,0
1316,different,31
3008,same,0
1947,different,26
1663,different,13
3812,same,1
1324,different,19
984,different,11
3658,same,0
3840,same,0
2139,same,1
1198,different,34
659,different,29
539,different,33
1732,different,31
109,different,22
411,different,24
2707,same,0
3418,same,0
2918,same,1
2033,same,1
3837,same,0
3300,same,0
1074,different,14
2000,different,25
2023,same,1
3201,same,2
2069,same,0
2258,same,1
693,different,35
3003,same,0
3173,same,1
2454,same,1
3780,same,1
1865,different,29
1137,different,24
1449,different,10
2850,same,0
1113,different,31
999,different,15
3692,same,0
1640,different,28
774,different,17
3304,same,1
2799,same,0
2554,same,1
2178,same,0
2143,same,1
821,different,12
174,different,21
3595,same,0
926,different,20
2813,same,1
2664,same,0
303,different,13
1904,different,29
979,different,24
135,different,19
3446,same,0
756,different,22
2392,same,0
617,different,19
3630,same,0
3978,same,0
772,different,30
163,different,20
719,different,22
1622,different,26
2498,same,0
3083,same,0
1664,different,13
2744,same,1
3696,same,1
2213,same,3
3121,same,0
3030,same,3
2048,same,0
2751,same,0
839,different,19
131,different,28
345,different,32
184,different,11
748,different,25
3441,same,0
842,different,25
323,different,6
3366,same,0
662,different,22
818,different,18
1445,different,33
1368,different,20
2376,same,0
1966,different,23
3493,same,0
1772,different,16
1313,different,22
3824,same,1
637,different,21
577,different,37
3149,same,0
2574,same,2
1864,same,14
3532,same,0
3687,same,0
459,different,21
361,different,41
2782,same,0
130,different,20
3351,same,0
1730,different,26
635,different,19
568,different,31
2942,same,11
3831,same,0
804,different,5
1018,different,40
23,different,32
593,different,25
1914,different,28
1999,different,10
3552,same,4
3260,same,0
1735,different,19
2373,same,0
2536,same,0
2255,same,0
1107,different,15
2338,same,0
871,different,15
1353,different,27
884,different,14
3272,same,0
2650,same,0
2798,same,1
1938,different,18
274,different,10
2208,same,0
3910,same,0
3557,same,0
1485,different,23
237,different,32
3269,same,0
2468,same,0
2387,same,0
2076,same,0
2183,same,0
965,different,26
910,different,13
2736,same,1
3497,same,1
2595,same,0
2280,same,0
1528,different,25
1518,different,19
1805,different,22
782,different,10
3197,same,1
3448,same,2
1219,different,19
1139,different,16
1372,different,9
2622,same,0
1764,different,34
2304,same,0
1059,different,20
1169,different,12
179,different,28
654,different,28
2150,same,0
455,different,26
2177,same,0
3951,same,0
3122,same,1
1814,different,16
1620,different,33
2720,same,0
895,different,17
880,different,38
621,different,14
474,different,12
2333,same,1
1591,different,27
2523,same,0
3363,same,0
980,different,29
3059,same,1
3424,same,1
1796,different,21
1949,different,38
798,different,5
2824,same,3
2549,same,0
1175,different,2
2437,same,1
1798,different,11
2022,same,2
1136,different,36
1454,different,4
234,different,21
856,different,19
2074,same,1
3265,same,0
2643,same,0
1692,different,4
2274,same,0
2756,same,1
3590,same,0
1927,different,21
314,different,33
1758,different,18
3414,same,0
3255,same,1
860,different,6
1085,different,23
1004,different,41
1417,different,7
2444,same,0
931,different,25
527,different,8
806,different,8
3518,same,1
1138,different,20
3524,same,0
761,different,29
1227,different,40
1813,same,6
2832,same,1
3730,same,0
2447,same,3
3403,same,0
261,different,21
1521,different,21
3177,same,0
25,different,19
3835,same,0
3355,same,0
3990,same,1
541,different,24
2909,same,0
2270,same,0
1878,different,12
3748,same,1
2001,same,1
2131,same,0
1354,different,8
29,different,16
275,different,23
499,different,9
600,different,18
783,different,33
93,different,28
1347,different,27
1421,different,25
2729,same,0
1808,different,14
556,different,9
2764,same,0
1202,different,27
3582,same,0
2545,same,0
933,different,10
3006,same,0
1446,different,14
2414,same,0
3261,same,2
3973,same,1
3397,same,1
866,different,23
324,different,14
3922,same,0
2075,same,0
84,different,14
1669,different,11
3045,same,0
3805,same,2
2578,same,0
840,different,20
481,different,20
491,different,7
3037,same,0
738,different,29
560,different,14
2989,same,0
2066,same,1
1788,different,7
623,different,30
3357,same,0
1008,different,15
1912,different,36
1741,different,30
2746,same,0
1385,different,38
1462,different,28
2829,same,0
464,different,18
1352,different,17
2801,same,0
1709,different,20
1494,different,27
1300,different,22
3703,same,0
2199,same,1
3746,same,1
1452,different,36
198,different,35
3079,same,0
376,different,19
1264,different,4
3994,same,0
3851,same,0
3101,same,0
3788,same,0
3335,same,0
1621,different,7
2965,same,0
2977,same,0
2596,same,1
316,different,18
2995,same,1
430,different,12
1303,different,22
1721,different,2
207,different,19
720,different,22
3336,same,1
2564,same,1
1680,different,31
1895,different,12
1628,different,32
2138,same,1
2566,same,2
514,different,3
1787,different,11
2456,same,0
3521,same,0
1812,different,37
3268,same,0
3369,same,0
1708,different,6
3147,same,0
2944,same,0
3191,same,0
2770,same,0
1803,different,30
1089,different,12
3808,same,0
2179,same,0
3174,same,3
1251,different,38
2934,same,0
2641,same,0
2317,same,0
3258,same,1
2445,same,1
3316,same,0
2315,same,1
2294,same,2
476,different,31
2119,same,0
962,different,21
863,different,12
1364,different,19
214,different,8
58,different,24
2739,same,0
3014,same,0
1515,different,20
2014,same,0
3404,same,0
2973,same,2
1889,different,28
293,different,20
1642,different,19
1430,different,5
3364,same,3
3656,same,1
650,different,9
529,different,9
2342,same,0
3997,same,0
137,different,34
1553,different,26
2972,same,1
1563,different,5
2012,same,0
2793,same,0
3145,same,0
354,different,12
1697,different,5
2192,same,0
3789,same,1
1666,different,17
819,different,21
2111,same,0
3849,same,0
3396,same,0
3494,same,0
2357,same,0
1470,different,26
584,different,24
3717,same,0
1359,different,19
2057,same,0
3886,same,0
1706,different,25
2547,same,0
3519,same,0
1398,different,29
2626,same,2
238,different,7
333,different,24
424,different,22
3720,same,0
2862,same,1
1279,different,6
1461,different,14
3327,same,1
3941,same,0
781,different,25
770,different,29
3646,same,3
3583,same,0
3820,same,0
2784,same,0
2712,same,0
45,different,9
734,different,29
2949,same,0
1129,different,25
148,different,23
2585,same,0
2950,same,0
950,different,11
3806,same,0
3829,same,0
1263,different,23
3651,same,5
2125,same,2
2035,same,0
2371,same,0
1225,different,10
3077,same,0
3196,same,0
2837,same,0
3980,same,3
2406,same,0
2558,same,0
3834,same,0
776,different,21
213,different,19
2806,same,0
446,different,11
2776,same,2
1438,different,4
935,different,16
1830,different,42
3889,same,0
2099,same,3
3137,different,6
1857,different,46
607,different,5
652,different,36
3431,same,2
3711,same,0
1320,different,4
503,different,28
3923,same,0
1988,different,16
2831,same,0
343,different,21
133,different,15
558,different,23
1119,different,32
308,different,22
601,different,30
3828,same,0
1881,different,33
229,different,32
1021,different,29
246,different,26
1380,different,37
3747,same,0
3536,same,1
1548,different,27
1783,different,17
1463,different,22
1716,same,9
3211,same,0
1632,different,20
4000,same,0
2455,same,0
532,different,21
1665,same,8
3290,same,0
48,different,9
3170,same,1
1699,different,19
1704,different,16
2428,same,1
1638,different,4
421,different,30
1482,different,32
2785,same,0
3644,same,1
2838,same,0
475,different,22
1504,different,27
1670,different,7
3140,same,0
3509,same,0
456,different,22
3892,same,0
1328,different,20
533,different,10
2130,same,0
1549,different,19
2568,same,0
337,different,5
2116,same,0
1687,different,19
2184,same,0
286,different,26
2051,same,0
1178,different,31
462,different,26
1648,different,20
3759,same,0
1946,different,34
2631,same,0
932,different,6
2651,same,1
289,different,7
1394,different,13
2186,same,0
108,different,20
248,different,28
1241,different,28
854,different,32
1523,different,29
956,different,42
2364,same,1
3791,same,0
2922,same,0
2106,same,0
247,different,42
983,different,22
528,different,22
1848,different,35
1624,different,19
2132,same,0
653,different,43
170,different,31
2370,same,0
3623,same,0
3798,same,0
1756,different,7
712,different,15
1083,different,17
480,different,3
3813,same,0
344,different,8
3891,same,0
1408,different,11
3339,same,0
169,different,14
3787,same,0
3555,same,0
3956,same,2
1259,different,28
1204,different,6
2206,same,1
3599,same,1
2324,same,0
3976,same,2
3277,same,0
426,different,35
1403,different,34
3673,same,0
3804,same,1
777,different,27
3522,same,0
1233,different,22
3222,same,0
2935,same,0
1877,different,38
414,different,17
1971,different,11
1266,different,27
1011,different,37
1556,different,27
158,different,23
2743,same,0
2296,same,0
3228,same,0
2146,same,0
896,different,23
1309,different,23
660,different,28
1571,different,29
3940,same,0
1635,different,8
1727,different,37
2015,same,0
2796,same,0
846,different,28
2902,same,0
197,different,18
2242,same,0
1962,different,23
2006,same,0
2361,same,0
1163,different,19
2979,same,0
927,different,25
3074,same,0
1551,different,20
2772,same,0
46,different,25
3620,same,0
1014,different,24
3041,same,0
1991,different,30
1410,different,27
2144,same,0
3367,same,1
1828,different,17
1674,different,22
3833,same,0
3299,same,2
3989,same,2
1598,different,2
970,different,37
486,different,13
3927,same,0
194,different,36
1993,different,17
3052,same,1
1387,different,1
3926,same,0
1024,different,15
2636,same,1
3212,same,0
609,different,16
1329,different,17
3362,same,0
2453,same,0
3719,same,1
2221,same,0
3760,same,0
3020,same,0
1644,different,29
2891,same,0
1641,different,6
512,different,13
1034,different,38
2775,same,0
1103,different,13
1586,different,47
2990,same,0
3699,same,1
1067,different,11
555,different,22
2487,same,1
2658,same,0
2576,same,0
2946,same,0
2084,same,1
1846,different,24
2439,same,1
874,different,6
3144,same,0
2042,same,0
190,different,11
3105,same,0
1236,different,22
1936,different,32
3601,same,1
790,different,22
434,different,20
3960,same,1
3773,same,0
3581,same,1
578,different,11
1552,different,27
2745,same,0
1082,different,8
1558,different,17
1715,different,8
3628,same,0
729,different,26
1428,different,13
2397,same,0
2500,same,1
3578,same,0
1268,different,14
1597,different,14
353,different,38
3399,same,0
236,different,13
2993,same,2
3063,same,0
1532,different,22
745,different,7
3653,same,0
252,different,9
1171,different,15
1573,different,26
1755,different,12
775,different,22
1063,different,14
1700,different,16
2762,same,1
332,different,13
3279,same,1
3328,same,1
2559,same,0
841,different,27
47,different,24
122,different,13
1162,different,18
2241,same,0
1522,different,31
3579,same,0
718,different,33
189,different,31
1012,different,10
1524,different,38
3389,same,0
735,different,9
3050,same,0
2761,same,1
1926,different,12
2379,same,1
3811,same,2
2963,same,0
1333,different,36
225,different,20
3223,same,1
2162,same,2
1335,different,30
2340,same,0
1167,different,11
2197,same,0
3120,same,0
1799,different,43
3614,same,0
1931,different,32
280,different,26
1152,different,22
3888,same,0
347,different,10
1906,different,28
488,different,28
1720,different,21
2175,same,1
1370,different,23
3975,same,0
586,different,7
3246,same,1
2052,same,1
2835,same,0
1360,different,26
765,different,31
3361,same,0
3116,same,0
2792,same,0
1609,different,27
2314,same,1
2467,same,0
69,different,21
912,different,31
2355,same,1
255,different,20
2497,same,0
181,different,27
2825,same,1
3738,same,0
1176,same,5
3213,same,0
1437,different,14
697,different,30
1145,different,26
3846,same,1
2760,same,0
1483,different,23
786,different,26
2365,different,5
3157,same,2
2672,same,0
1122,different,12
3060,same,0
2168,same,0
227,different,17
3266,same,0
1919,different,16
3527,same,1
3186,same,0
4,different,5
1740,different,18
753,different,19
3887,same,0
2810,same,3
3914,same,0
594,different,29
3055,same,0
851,different,27
1843,different,32
2611,same,0
2701,same,3
1126,different,5
1404,different,20
2682,same,0
341,different,18
3726,same,1
2992,same,0
335,same,3
3320,same,0
3731,same,1
102,different,14
1444,different,17
1661,different,36
3203,same,0
1685,different,19
3936,same,0
2092,same,0
281,different,14
2854,same,0
1480,different,18
2757,same,1
66,different,18
793,different,25
994,different,23
3046,same,0
565,different,3
3749,same,1
3243,same,0
1161,different,5
2803,same,0
2107,same,1
1850,different,26
1887,different,21
3875,same,0
187,different,28
1968,different,20
1348,different,1
829,different,20
692,different,36
1043,different,22
3772,same,0
188,different,13
64,different,29
644,different,29
1898,different,21
716,different,23
2924,same,1
1301,different,9
3603,same,0
3402,same,0
3321,same,0
3844,same,0
1105,different,7
2892,same,4
859,different,5
641,different,19
2605,same,0
988,different,22
2248,same,0
2706,same,0
2594,same,0
1520,different,32
1127,different,19
974,different,9
3010,same,0
2807,same,0
990,different,11
1091,different,35
1959,different,1
166,different,25
2742,same,0
822,different,14
923,different,24
383,different,17
1500,different,24
186,different,13
183,different,33
680,different,27
1248,different,12
3256,same,0
3479,same,0
3762,same,0
2351,same,0
2374,same,0
1312,different,22
1979,different,43
3542,same,0
1386,different,13
3480,same,0
3781,same,1
2561,same,1
2855,same,0
2223,same,0
1406,different,18
3967,same,0
2773,same,1
1429,different,29
3948,same,3
81,different,6
273,different,23
3163,same,0
628,different,11
1654,different,41
30,different,20
3062,same,1
1221,different,29
2608,same,0
2671,same,2
723,different,13
1358,different,11
2734,same,0
3209,same,1
878,different,27
3819,same,1
3694,same,0
1031,different,8
425,different,29
39,different,36
3471,same,0
1100,different,12
1594,different,24
3229,same,0
2606,same,7
3660,same,3
1030,different,26
256,different,15
1420,different,22
159,different,26
3301,same,0
3945,same,1
2330,same,0
1714,different,6
2528,same,0
3652,same,0
666,different,26
1561,different,6
2336,same,2
400,different,20
940,different,20
2577,same,1
3698,same,0
2634,same,3
2537,same,0
92,different,11
1035,different,24
1950,different,6
2169,same,0
2267,same,2
2198,same,0
3796,same,0
2957,same,0
1675,different,23
3690,same,0
3324,same,0
3895,same,0
1890,different,16
1826,different,23
463,different,8
2615,same,0
2384,same,0
2424,same,0
1734,different,12
3984,same,0
3381,same,0
608,different,24
1332,different,31
3347,same,0
3017,same,0
3507,same,0
1596,different,19
2321,same,0
2491,same,0
2105,same,0
201,different,24
362,different,29
3918,same,1
3971,same,1
410,different,29
1037,different,26
2556,same,0
3576,same,0
1696,different,15
3919,same,4
3264,same,1
1052,different,40
876,different,23
758,different,26
2109,same,0
365,different,15
2534,same,1
2360,same,2
610,different,28
973,different,29
1155,different,35
947,different,9
1108,different,19
1920,different,8
3452,different,3
797,different,17
2709,same,0
291,different,34
3183,same,1
3822,same,2
2932,same,0
1555,same,10
3645,same,1
1579,different,21
2288,same,0
676,different,23
2812,same,2
377,different,15
2245,same,0
467,different,42
2063,same,0
2725,same,0
898,different,22
820,different,27
3689,same,0
3832,same,5
1489,different,21
2895,same,1
2609,same,0
3619,same,1
2657,same,0
1652,different,13
2842,same,0
3633,same,0
3986,same,0
583,different,29
429,different,32
3736,same,0
1795,different,26
1957,different,30
360,same,16
3961,same,1
2231,same,0
1334,different,27
2085,same,0
1831,different,30
702,different,36
1151,different,32
1605,different,33
3955,same,0
1073,different,23
687,different,25
508,different,22
1492,different,25
521,different,7
1928,different,34
2369,same,0
3158,same,0
3138,same,0
3365,same,2
2655,same,0
3823,same,0
1533,different,5
2230,same,1
1933,different,25
3022,same,0
3420,same,0
164,different,35
3905,same,0
2938,same,0
2927,same,0
2009,same,0
329,different,30
2363,same,1
1230,different,2
1587,different,26
3621,same,0
3847,same,1
3712,same,0
2472,same,0
2984,same,0
2886,same,0
2505,same,0
2907,same,0
223,different,20
939,different,30
566,different,23
3506,same,1
3373,same,2
3752,same,0
867,different,15
3496,same,0
2068,same,0
1276,different,12
2378,same,0
3412,same,0
3845,same,0
209,different,18
534,different,28
2662,same,1
2617,same,0
3727,same,3
1604,different,22
2171,same,0
3227,same,0
1510,different,45
802,different,29
885,different,29
1036,different,32
3044,same,1
1086,different,23
632,different,31
3876,same,0
3160,same,2
1916,different,37
1726,different,23
3776,same,2
580,different,16
2432,same,0
2426,same,1
3485,same,0
3568,same,1
3962,same,0
595,different,7
1802,different,16
2110,same,1
2872,same,0
2818,same,0
3648,same,1
892,different,32
3069,same,0
3775,same,0
1884,different,36
1253,different,8
3650,same,0
1610,different,7
3586,same,0
683,different,33
2512,same,1
3654,same,0
3659,same,0
3903,same,0
138,different,30
520,different,3
2246,same,1
3285,same,1
4002,different,29
1580,different,24
442,different,11
2678,same,0
2964,same,0
3444,same,0
2185,same,1
305,different,10
2419,same,0
1821,different,24
177,different,6
2610,same,0
3935,same,3
79,different,16
705,different,20
518,different,28
2551,same,1
1650,different,9
2400,same,0
495,different,29
3963,same,0
830,different,22
3873,same,0
1023,different,6
2353,same,0
1239,different,44
3176,same,0
843,different,24
3378,same,0
2998,same,0
1019,different,18
3567,same,0
3575,same,0
1987,different,21
1448,different,12
2645,same,0
3344,same,0
2931,same,0
3508,same,0
963,different,17
1698,different,27
2690,same,0
2899,same,0
2616,same,0
2335,same,0
3952,same,1
3252,same,0
1980,different,14
3879,same,0
978,different,33
2141,same,0
1583,different,19
3816,same,0
146,different,2
2867,same,0
440,different,15
2059,same,0
2724,same,0
2088,same,0
3267,same,0
1806,same,2
1817,different,9
3908,same,0
1491,different,27
615,different,21
3771,same,1
3643,same,2
3159,same,0
3298,same,2
2180,same,0
574,same,3
465,different,15
77,different,10
2166,same,0
2861,same,3
901,different,16
3657,same,0
136,different,18
2859,same,1
750,different,12
3991,same,0
2955,same,1
713,different,28
2446,same,1
3167,same,0
1409,different,36
115,different,20
3462,same,1
1981,different,25
3801,same,0
3589,same,0
1985,different,12
2083,same,1
1888,different,20
3426,same,0
1952,different,38
2821,same,0
1080,different,21
1238,different,28
3151,same,0
1405,different,7
1293,different,25
357,different,15
3700,same,1
2866,same,1
3998,same,0
1061,different,42
2868,same,0
1578,different,38
173,different,32
1193,different,14
2875,same,1
1892,different,41
3528,same,0
142,different,19
2466,same,0
1419,different,8
1112,different,28
1955,different,0
1976,different,13
1117,different,21
1039,different,26
1325,different,26
2053,same,0
2802,same,0
2383,same,0
2752,same,0
403,different,19
1786,different,26
2933,same,0
934,different,36
1290,different,16
519,different,15
3929,same,0
2619,same,0
461,different,17
168,different,24
2834,same,0
3341,same,0
3184,same,1
1235,different,18
2689,same,4
1974,different,8
1415,different,47
3538,same,0
3281,same,1
3428,same,1
3954,same,0
2282,same,0
3332,same,0
3096,same,2
1051,same,5
3904,same,0
378,different,22
1940,different,21
2607,same,0
2349,same,0
942,different,32
2263,same,0
65,different,30
751,different,26
2412,same,0
3842,same,1
2623,same,1
2681,same,0
1784,different,22
3416,same,0
3906,same,0
34,different,26
3066,same,0
2582,same,0
967,different,6
2297,same,0
1953,different,10
3009,same,0
1659,different,16
2093,same,0
364,different,33
1547,different,4
1172,different,5
2970,same,0
2562,same,0
2928,same,1
2590,same,1
2386,same,2
557,different,9
2380,same,1
2134,same,0
2788,same,1
695,different,24
3679,same,0
2458,same,0
3100,same,1
3631,same,0
2173,same,0
3226,same,0
241,different,8
3376,same,0
3288,same,1
399,different,33
762,different,22
3146,same,1
2285,same,0
3463,same,0
2847,same,0
96,different,26
1310,different,8
2343,same,0
1617,different,11
592,different,29
54,different,14
3709,same,0
3130,same,0
2890,same,1
3548,same,1
2538,same,0
2152,same,1
3482,same,1
1785,different,21
1572,different,8
1901,different,17
3447,same,0
2029,same,0
3674,same,0
3611,same,0
2630,same,0
3677,same,0
2684,same,0
696,different,6
2465,same,1
1237,different,20
3333,same,0
1383,different,20
929,different,6
2952,same,0
2986,same,0
279,different,12
3872,same,1
1519,different,22
374,different,32
3669,same,0
2211,same,0
605,different,6
1488,different,7
2101,same,0
678,different,6
2436,same,0
1281,different,7
3274,same,0
869,different,27
3391,same,0
2727,same,2
1057,different,14
2311,same,0
3663,same,1
396,different,10
1095,different,15
872,different,32
1885,same,2
1990,different,14
3636,same,0
809,different,14
686,different,31
2637,same,1
3427,same,0
1201,different,13
1111,different,36
419,different,33
2496,same,0
27,different,17
3667,same,0
3642,same,0
3451,same,0
1691,different,14
2685,same,1
2627,same,0
3468,same,0
98,different,44
1662,different,28
2904,same,1
651,different,25
1068,different,36
1540,different,19
1602,different,31
3349,same,0
2880,same,1
941,different,19
2851,same,1
3862,same,1
3029,same,0
1818,different,29
3554,same,2
1886,different,20
548,different,35
542,different,34
795,different,6
1079,different,8
1582,different,13
129,different,32
21,different,4
441,different,20
3423,same,0
1120,different,21
673,different,22
2367,same,0
630,different,30
2833,same,0
1298,different,25
2844,same,1
1273,different,21
408,different,26
1363,different,14
1168,different,21
1146,different,11
2540,same,2
3315,same,2
1260,different,13
2163,same,1
267,different,26
3854,same,0
3276,same,0
3286,same,0
3408,same,0
2,different,8
271,different,14
2805,same,0
1531,different,31
1963,different,34
3127,same,2
3928,same,1
1595,different,15
202,different,21
1466,different,10
3739,same,2
3142,same,4
1376,different,19
3251,same,0
3577,same,0
3136,same,0
3640,same,0
2570,same,1
3360,same,0
2229,same,1
389,different,10
2147,same,0
3225,same,0
2281,same,0
156,different,20
2581,same,0
612,different,20
2966,same,2
160,different,13
358,different,29
2039,same,0
1453,different,14
1526,different,9
3602,same,1
3018,same,0
3356,same,0
3858,same,1
150,different,35
3860,same,0
2987,same,0
315,different,29
3458,same,0
2072,same,0
3778,same,0
258,different,30
381,different,19
2738,same,0
1852,different,30
2037,same,0
3949,same,0
3129,same,0
1607,different,31
1844,same,12
3968,same,0
703,different,17
1481,different,29
3450,same,0
1042,different,15
3329,same,1
3668,same,0
3641,same,0
390,different,38
1686,different,36
3594,same,0
3826,same,0
239,different,10
571,different,4
3073,same,0
1114,different,30
1863,different,35
1502,different,11
1304,different,12
1078,same,0
2425,same,0
2420,same,1
124,different,7
2354,same,1
3413,same,0
998,different,21
2925,same,2
2054,same,0
3239,same,0
3406,same,1
2589,same,0
1459,different,45
382,different,15
3172,same,0
375,different,34
1829,different,32
2550,same,0
2434,same,0
1754,different,26
1762,different,13
3514,same,0
3187,same,0
810,different,27
1101,different,24
2087,same,1
3262,same,0
56,different,3
2476,same,0
2906,same,5
3678,same,0
422,different,13
1653,different,32
3182,same,0
2693,same,0
1345,different,8
1719,different,30
2514,same,0
1351,different,23
2049,same,0
42,different,19
2151,same,0
1649,different,22
240,same,7
2137,same,1
1464,different,15
1056,different,47
1076,different,14
2749,same,0
3103,same,0
817,different,28
2123,same,0
1658,different,15
796,different,27
4003,different,8
1774,different,17
913,different,36
3881,same,1
1534,different,37
3219,same,1
3165,same,0
259,different,31
2543,same,3
975,different,29
1294,different,43
3475,same,1
117,different,5
3169,same,0
1746,different,20
1923,different,33
3106,same,0
123,different,22
2817,same,1
2769,same,1
3072,same,0
2153,same,0
1247,different,31
971,different,33
3607,same,0
3570,same,0
3857,same,1
1184,different,10
1115,different,21
359,different,27
19,different,32
2251,same,0
2382,same,1
3676,same,1
1546,different,8
3235,same,1
31,different,23
629,different,15
1791,different,25
1969,different,39
1382,different,9
2202,same,0
3088,same,2
633,different,29
2441,same,0
899,different,6
3705,same,1
1418,different,29
219,different,24
1944,different,5
540,different,6
953,different,18
1046,different,25
3953,same,0
969,different,31
1509,different,40
3799,same,0
908,different,25
451,different,33
2257,same,0
2155,same,0
2624,same,0
3638,same,0
1835,different,16
722,different,28
2908,same,0
3489,same,0
2148,same,0
1585,different,25
1307,different,25
2584,same,0
3474,same,0
907,different,15
1636,different,8
2883,same,0
3786,same,0
3076,same,0
1388,different,13
139,different,22
848,different,5
380,different,24
3375,same,0
1451,different,18
764,different,2
538,different,32
1090,different,28
2878,same,0
3417,same,2
3869,same,0
2567,same,2
265,different,8
1476,different,17
2778,same,0
1232,different,11
891,different,34
2156,same,0
2602,same,1
3686,same,1
2889,same,0
2600,same,0
1226,different,29
2313,same,1
328,different,16
3744,same,9
614,different,35
1496,different,11
2352,same,1
1860,different,21
1824,different,29
739,different,22
2552,same,1
3461,same,0
785,different,14
1541,different,7
3718,same,0
2215,same,0
2377,same,0
3085,same,2
1249,different,30
1688,different,24
3095,same,0
3057,same,0
1982,different,14
339,different,31
1196,different,0
2418,same,0
3064,same,1
2836,same,0
604,different,24
3111,same,0
3388,same,3
2129,same,1
2919,same,1
1942,different,12
2276,same,0
991,different,30
2525,same,0
1514,different,10
112,different,17
1065,different,27
1285,different,19
2774,same,0
3377,same,0
91,different,20
1278,different,29
60,different,17
2763,same,1
1373,different,23
1246,different,27
2102,same,1
1535,different,28
2910,same,0
3305,same,0
2259,same,0
1511,different,4
2050,same,0
2920,same,0
2331,same,0
838,different,27
2416,same,1
599,different,31
789,different,31
3728,same,0
1497,different,5
2956,same,0
597,different,12
3161,same,0
2579,same,0
388,different,22
1612,different,28
1529,different,17
2780,same,0
3346,same,0
1200,different,20
1040,same,4
1790,different,9
2366,same,1
3890,same,0
401,different,1
3566,same,0
1400,same,2
3297,same,0
473,different,31
2295,same,0
1918,different,15
1731,different,38
2275,same,0
3871,different,0
2191,same,1
1667,different,25
1513,different,6
1853,different,9
2667,same,0
2312,same,0
1629,different,22
2299,same,0
384,different,15
1431,different,31
2820,same,1
2082,same,1
815,different,14
447,different,17
1668,different,26
1165,different,42
3109,same,0
1639,different,23
3624,same,1
2994,same,0
3250,same,0
2058,same,0
3523,same,0
2283,same,0
513,different,25
11,different,27
1003,different,27
409,different,26
949,different,21
2715,same,1
2490,same,0
742,different,16
1565,different,5
101,different,23
2233,same,0
2247,same,1
1135,different,23
1315,different,36
2499,same,0
3878,same,2
1475,different,8
2319,same,1
2264,same,3
1340,different,16
1647,different,10
1477,different,28
3126,same,0
2573,same,0
379,different,26
873,different,3
2521,same,0
1339,different,12
1443,different,32
509,different,18
1141,different,17
2755,same,0
1506,different,27
435,different,39
928,different,5
3419,same,0
706,different,32
2004,same,1
3379,same,0
1673,different,20
3732,same,0
2278,same,0
3836,same,0
1058,different,31
453,different,21
523,different,32
1116,different,27
3707,same,0
1723,different,18
1964,different,4
3921,same,0
1020,different,4
71,different,31
1066,different,9
505,different,23
2394,same,0
985,different,29
3681,same,0
68,different,10
1903,different,34
3002,same,1
2473,same,0
3898,same,0
987,different,32
3790,same,0
3214,same,1
2546,same,0
1862,different,26
1507,different,37
3134,same,0
1055,different,25
825,different,25
3682,same,0
1770,different,12
1516,different,35
1337,different,19
3312,same,1
894,different,17
3588,same,0
52,different,20
879,different,10
3504,same,0
3114,same,0
3352,same,0
4001,different,36
204,different,10
2196,same,0
2604,same,1
3334,same,0
3735,same,0
589,different,20
982,different,31
2172,same,0
3340,same,2
2421,same,1
3319,same,0
471,different,11
1856,different,17
2327,same,0
598,different,24
404,different,13
1701,different,28
1053,different,18
2519,same,1
661,different,15
1951,different,40
1616,different,18
2896,same,0
15,different,24
2771,same,1
870,different,21
3359,same,2
1133,different,22
2532,same,0
2209,same,0
602,different,26
2433,same,0
2097,same,0
3259,same,0
2700,same,0
2310,same,0
2691,same,0
2914,same,0
1140,different,20
2874,same,0
3318,same,1
1349,different,28
1939,different,32
2452,same,0
61,different,25
749,different,15
694,different,32
1501,different,25
387,different,34
507,different,28
2674,same,0
454,different,43
689,different,21
3013,same,1
1088,different,20
1645,different,29
2136,same,5
3025,same,0
2188,same,0
3040,same,0
2991,same,0
1026,different,4
852,different,30
2018,same,1
2940,same,5
9,different,27
1854,different,12
1206,different,39
363,different,25
3254,same,0
2660,same,0
199,different,6
1913,different,18
924,different,35
254,different,23
3499,same,0
3815,same,0
3495,same,0
3484,same,0
893,different,19
2948,same,0
3194,same,2
3988,same,1
37,different,20
2869,same,0
3562,same,0
1677,different,24
3797,same,1
1631,different,28
3048,same,0
2071,same,1
2399,same,1
2840,same,0
3580,same,0
2753,same,0
367,different,30
525,different,36
1143,different,4
1703,different,37
1729,different,40
3551,same,0
3434,same,0
728,different,19
1016,different,26
670,different,29
2811,same,0
1015,different,28
1986,different,40
3477,same,0
2214,same,1
1322,different,11
110,different,11
1284,different,24
2628,same,0
3964,same,0
2791,same,1
1811,different,25
3765,same,0
167,different,8
134,different,32
3231,same,2
1002,different,24
2711,same,1
944,different,10
3028,same,0
1134,different,20
1027,different,32
226,different,8
270,different,6
3685,same,2
2165,same,0
537,different,23
216,different,18
185,different,29
3606,same,0
2157,same,1
2591,same,0
466,different,26
1537,different,7
2479,same,0
2187,same,0
1935,different,16
3099,same,0
3714,same,0
1775,different,36
1690,different,22
3449,same,0
2316,same,0
3071,same,2
2563,same,0
3995,same,0
645,different,30
2193,same,1
1299,different,6
88,different,31
2362,same,0
1765,different,54
3959,same,0
1539,different,27
76,different,20
1097,different,16
3850,same,1
681,different,31
2871,same,1
3283,same,0
2227,same,0
26,different,16
3454,same,3
1128,different,18
1958,different,33
3729,same,0
3996,same,0
1544,different,4
1397,different,24
3263,same,0
1634,different,6
1536,different,10
2980,same,0
3549,same,0
2104,same,1
3856,same,0
2243,same,2
2618,same,2
2511,same,0
3200,same,0
3710,same,1
2953,same,0
704,different,20
2783,same,0
1441,different,12
3943,same,0
3036,same,1
671,different,21
1902,different,24
955,different,30
2748,same,0
3400,same,0
3810,same,0
1195,different,18
886,different,8
3618,same,2
2669,same,0
2915,same,1
1611,different,11
744,different,24
2535,same,0
1365,different,7
1336,different,25
2265,same,0
3453,same,1
2665,same,1
3386,same,0
1899,different,38
1643,different,24
501,different,22
3372,same,0
1288,different,16
2002,same,0
2126,same,2
3733,same,0
865,different,29
642,different,20
1060,different,13
2716,same,1
3500,same,0
3939,same,0
1800,different,26
2860,same,0
1747,different,5
1392,different,27
266,different,27
1234,different,18
1154,different,15
3248,same,0
3385,same,0
2359,same,3
3751,same,3
1159,different,38
262,different,27
1627,different,19
3592,same,0
2929,same,1
3563,same,0
67,different,15
2571,same,0
3445,same,1
1331,different,21
2031,same,0
2642,same,1
3684,same,0
2696,same,0
861,different,18
1833,different,10
3084,same,0
1094,different,8
837,different,35
2423,same,0
3655,same,0
2710,same,0
887,different,28
3701,same,0
87,different,16
1789,different,5
864,different,9
2800,different,5
1557,different,45
3664,same,0
304,different,11
3784,same,1
3092,same,0
1710,different,15
2661,same,0
3007,same,0
2407,different,8
2344,same,0
3969,same,0
1603,different,20
3564,same,0
3296,same,0
3058,same,1
2708,same,0
1072,different,23
2876,same,0
3047,same,0
769,different,26
1960,different,25
157,different,15
1871,different,15
368,different,16
2839,same,0
1223,same,3
263,different,23
127,different,26
3572,same,1
3894,same,0
2409,same,0
606,different,19
1190,different,30
1070,different,16
3155,same,0
2307,same,0
2913,same,0
2402,same,0
1859,different,11
395,different,3
937,different,17
791,different,24
3035,same,0
2845,same,1
1118,different,20
3439,same,1
398,different,28
2865,same,1
726,different,32
2901,same,2
253,different,7
1379,different,11
2305,same,6
1164,different,2
1637,different,23
2916,same,1
1110,different,19
2128,same,0
658,different,12
2898,same,0
2309,same,0
510,different,29
342,different,10
470,different,19
948,different,27
634,different,43
1684,different,16
294,different,28
3947,same,1
1414,different,25
1954,different,18
1924,different,26
2857,same,1
2985,same,1
2474,same,0
203,different,18
717,different,20
3695,same,0
2903,same,0
2040,same,1
611,different,30
460,different,13
35,different,36
1321,different,24
2884,same,0
2079,same,0
3000,same,0
862,different,14
1776,different,49
3153,same,0
966,different,18
1471,different,37
1956,different,26
2516,same,0
1390,different,8
2334,same,0
2013,same,1
788,different,21
3108,same,0
221,different,16
1270,different,12
1655,different,23
3337,same,1
119,different,19
3135,same,0
3133,same,0
1891,different,27
176,different,23
3082,same,1
306,same,4
2697,same,0
1794,different,35
2118,same,1
497,different,25
2926,same,0
2728,same,1
1344,different,38
647,different,30
3118,same,0
3544,same,0
3199,same,1
3464,same,0
2410,same,0
1472,different,17
479,different,24
3708,same,1
2612,same,0
2625,same,1
86,different,24
1148,different,31
3330,same,2
1493,different,6
1149,different,5
296,different,31
2398,same,0
3777,same,0
3038,same,0
2142,same,0
1044,different,24
3704,same,0
2011,same,0
3539,same,1
1823,different,23
3117,same,0
3605,same,1
2704,same,0
415,different,24
811,different,25
3950,different,29
1858,different,3
1450,different,33
1910,different,21
1737,different,23
1487,different,20
1614,different,26
2293,same,0
3649,same,0
2159,same,0
370,different,13
1725,different,7
3394,same,1
691,different,11
3093,same,1
725,different,29
312,different,29
3774,same,0
284,different,19
1132,different,30
3278,same,1
2030,same,1
2287,same,0
3338,same,1
89,different,22
1834,different,24
3617,same,1
1554,different,35
1413,different,8
3742,same,0
2337,same,0
8,different,28
428,different,16
2686,same,0
3825,same,0
2167,same,0
977,different,2
3224,same,4
3302,same,0
349,different,17
3593,same,0
338,different,26
1424,different,31
1874,different,27
147,different,36
1807,different,6
2062,same,1
3737,same,1
250,different,25
3502,same,0
992,different,17
3380,same,0
715,different,10
1560,different,15
2475,same,0
3220,same,0
116,different,31
3591,same,0
588,different,29
2323,same,0
143,different,23
2443,same,1
2350,same,0
1213,different,24
1498,different,46
3392,same,0
1581,different,17
2390,same,0
452,different,8
128,different,31
736,different,28
1600,different,12
3958,same,2
3693,same,0
3492,same,0
3946,same,0
2007,same,0
918,different,31
7,different,26
1749,different,6
3322,same,0
3175,same,0
3613,same,0
3481,same,0
3900,same,0
1945,different,10
386,different,31
16,different,26
3604,same,0
699,different,15
3843,same,0
3925,same,0
3972,same,0
2613,same,2
2663,same,0
3164,same,1
3080,same,0
2485,same,0
1917,different,9
3217,same,1
1809,different,5
3616,same,0
2717,same,0
220,different,16
3944,same,0
1490,different,34
1569,different,20
3457,same,2
1187,different,10
433,different,16
2765,same,0
2659,same,0
485,different,19
1750,different,10
1389,different,3
2170,same,1
44,different,19
3697,same,0
1197,different,6
3672,same,0
1338,different,35
1718,different,26
1369,different,17
3124,same,3
3993,same,0
2038,same,0
445,different,6
2730,same,0
2705,same,1
2095,same,0
3848,same,0
282,different,30
737,different,7
2401,same,0
3608,same,0
2911,same,0
684,different,12
2115,same,1
807,different,32
570,different,30
416,different,9
3920,same,0
2640,same,3
2098,same,0
3543,same,2
2786,same,0
3634,same,0
1965,different,12
3814,same,1
3342,same,1
2460,same,0
2161,different,9
264,different,27
2457,same,0
2794,same,0
3358,same,0
182,different,24
2222,same,2
33,different,7
3884,same,0
1254,different,26
1757,different,36
1827,different,18
569,different,39
2272,same,0
2470,same,0
3722,same,0
1983,different,24
2020,same,0
1577,different,47
3821,same,0
78,different,20
2714,same,0
3598,same,1
3902,same,0
3870,same,0
1676,different,17
114,different,28
3237,same,0
1717,different,20
535,different,26
3294,same,0
2298,same,0
487,different,10
3721,same,0
2415,same,2
2997,same,1
1975,different,14
2826,same,0
3193,same,0
3257,same,0
2135,same,2
993,different,12
191,different,25
326,different,33
3853,same,0
1819,different,24
3287,same,0
1456,different,12
1934,different,9
1025,different,26
2422,same,0
295,different,21
3982,same,0
2027,same,0
2463,same,1
1728,different,14
1375,different,18
3510,same,0
2091,same,0
2289,same,3
372,different,26
62,different,18
3865,same,0
448,different,28
596,different,28
1781,different,38
2484,same,2
1567,different,17
2403,same,0
3757,same,0
1873,different,9
492,different,27
121,different,25
2598,same,0
1545,different,37
801,different,11
1543,different,21
845,different,11
814,different,13
624,different,36
2649,same,4
3435,same,1
493,different,29
3370,same,1
1001,different,18
1822,different,29
1289,different,16
118,different,22
995,different,5
3023,same,1
3515,same,0
2356,same,1
1084,different,18
1395,different,30
2673,same,0
1069,different,36
677,different,27
2592,same,0
3830,same,0
2517,same,0
107,different,28
1194,different,27
545,different,23
530,different,16
3470,same,0
1705,different,20
373,different,20
3190,same,0
1209,different,11
563,different,25
3247,same,2
618,different,28
3368,same,0
3537,same,8
2804,same,1
2750,same,0
2286,same,0
741,different,27
1356,different,42
1626,different,10
664,different,11
2016,same,0
12,different,31
2450,same,0
2174,same,1
145,different,32
889,different,15
2471,same,0
1866,different,31
97,different,11
1752,different,10
2005,same,0
2024,same,0
2897,same,0
1564,different,22
3042,same,0
3125,same,0
1837,different,25
2291,same,0
472,different,25
3393,different,3
2348,same,0
2943,same,1
2081,same,1
2731,same,0
1847,different,32
504,different,11
3215,same,0
3438,same,0
2253,same,1
2375,same,0
961,different,23
2777,same,0
3011,same,0
3767,same,0
3550,same,0
2698,same,0
1900,different,12
2695,same,0
1131,different,39
149,different,19
2518,same,0
1192,different,38
831,different,15
1743,different,16
2459,same,1
28,different,32
3411,same,2
2451,same,0
120,different,32
1479,different,39
2103,same,0
3208,same,0
3565,same,0
3455,same,0
3472,same,2
2045,same,0
1768,different,4
1486,different,26
3230,same,0
268,different,23
2236,same,0
2767,same,0
2477,same,1
1147,different,26
733,different,10
951,different,24
515,different,21
823,different,28
1255,different,4
1412,different,29
2302,same,2
1651,different,29
3154,same,0
2790,same,0
1096,different,10
1121,different,7
1291,different,11
2565,same,0
3353,same,1
1512,different,21
800,different,15
276,different,29
740,different,25
1181,different,22
496,different,4
3166,same,0
1355,different,4
3371,same,3
161,different,15
2329,same,1
1124,different,28
1606,different,27
1769,different,36
1432,different,9
3465,same,2
1199,different,15
3863,same,1
1868,different,35
278,different,29
355,different,28
3068,same,0
954,different,6
319,different,27
3270,same,1
3026,same,0
2508,same,0
1724,different,26
1436,different,13
3741,same,0
72,different,29
3965,same,2
2737,same,2
2646,same,0
2225,same,1
522,different,28
153,different,23
350,different,25
3912,same,1
2529,same,1
2688,same,0
964,different,11
2322,same,1
3901,same,0
710,different,23
3505,same,0
3113,same,0
3466,same,0
1442,different,9
458,different,35
2224,same,0
235,different,17
2858,same,0
559,different,26
2094,same,2
2195,same,0
371,different,11
731,different,30
3460,same,0
2047,same,1
3034,same,1
1671,different,35
591,different,26
3049,same,0
211,different,41
1801,different,27
1295,different,22
3469,same,0
6,different,25
1231,different,1
2320,same,0
900,different,14
3089,same,0
996,different,25
730,different,25
1109,different,20
2923,same,0
853,different,15
2827,same,1
3917,same,0
1473,different,43
243,different,22
1911,different,20
2620,same,1
