2882,same,0
2250,same,1
1896,different,26
1435,different,23
418,different,26
3734,same,1
844,different,28
192,different,9
2481,same,0
1943,different,58
2292,same,0
1243,different,37
1029,different,36
2122,same,2
3897,same,0
1423,different,26
3241,same,1
3087,same,0
3150,same,0
2301,same,1
1422,different,15
1915,different,37
3275,same,0
439,different,36
3546,different,10
667,different,33
232,different,29
2969,same,1
1191,different,18
2758,same,1
2032,same,0
3065,same,0
1613,different,26
1465,different,12
3171,same,0
307,different,30
1816,different,33
3429,same,0
3874,same,3
1256,different,22
494,different,33
2768,same,0
1367,different,10
1907,different,45
1440,different,15
1820,different,23
1562,different,27
1326,different,5
3756,same,0
1872,different,15
103,different,8
2200,same,1
1158,different,29
2542,same,0
3573,same,0
483,different,25
1362,different,28
724,different,32
930,different,18
3520,same,1
438,different,30
1568,different,42
1317,different,25
757,different,26
779,different,9
1064,same,8
1970,different,12
2877,same,0
73,different,20
1566,different,27
2981,same,0
1434,different,24
13,different,23
2735,same,0
2306,same,0
3415,different,12
3303,same,1
3868,same,0
536,different,16
125,different,17
657,different,26
638,different,11
2026,same,0
2080,same,0
2687,same,0
3156,same,0
449,different,7
1346,different,21
3249,same,0
2888,same,0
1047,different,34
3054,same,2
405,different,23
1574,different,16
1271,different,19
2937,same,0
1984,different,50
768,different,19
2959,same,0
847,different,27
4004,different,32
2277,same,0
3185,same,0
3478,same,0
2557,same,0
2830,same,0
1825,different,17
2740,same,2
2395,same,2
1751,different,34
3051,same,0
882,different,8
2666,same,0
2121,same,0
3839,same,1
832,different,39
1575,different,11
3487,same,0
2856,same,0
3236,same,0
3188,same,0
1615,different,34
1130,different,14
1350,different,46
3001,same,1
3553,same,0
1203,different,23
3132,same,0
1357,different,38
2814,same,1
3610,same,0
3609,same,2
3803,same,0
1883,different,43
49,different,38
1702,different,9
3354,same,0
2056,same,0
2464,same,0
3761,same,0
883,different,18
1576,different,15
981,different,30
85,different,28
2234,same,0
1929,different,22
3662,same,1
1179,different,24
3086,same,0
489,different,36
2140,same,0
1948,different,14
2219,same,2
1879,different,25
2843,same,0
626,different,32
2017,same,0
1570,different,26
1773,different,21
2358,same,1
3021,same,0
2647,same,0
3666,same,1
3245,same,1
2939,same,0
1905,different,28
1156,same,9
3596,same,0
732,different,15
1930,different,15
2797,same,0
1125,different,11
1123,different,7
2653,same,0
3763,same,0
1391,different,28
277,different,10
3293,same,1
2779,same,0
3795,same,0
1897,different,21
915,different,29
2509,same,0
2268,same,0
3535,same,0
2120,same,0
2894,same,0
2621,same,0
2513,same,0
141,different,15
2553,same,0
1590,different,39
1713,different,34
2816,same,1
1679,different,22
517,different,11
2983,same,0
1656,different,35
1006,different,24
2569,same,1
1342,different,29
2603,same,0
75,different,28
1032,different,28
2677,same,2
1932,different,28
1759,different,25
1766,different,31
3632,same,0
1005,different,23
1280,different,25
2073,same,0
2203,same,0
2086,same,0
3725,same,1
1527,different,7
2732,same,0
288,different,15
2300,same,1
2025,same,1
3880,same,3
3181,same,0
2269,same,1
233,different,32
1601,different,24
406,different,11
2176,same,1
2238,same,3
222,different,35
1771,different,25
1861,different,19
2226,same,0
587,different,10
3326,same,0
1106,different,35
2065,same,0
1361,different,47
1681,different,25
2694,same,0
3724,same,0
3764,same,0
1736,different,29
685,different,19
620,different,34
3102,same,0
2504,same,0
3981,same,0
1205,different,24
1250,different,11
619,different,33
640,different,21
2462,same,1
3809,same,0
155,different,43
3533,same,1
1630,different,20
3437,same,2
1777,different,27
2096,same,0
1838,different,30
2921,same,0
90,different,24
1793,different,27
2239,same,0
835,different,6
450,different,33
2041,same,0
2873,same,1
3131,same,1
2495,same,0
3107,same,0
3027,same,0
3512,same,2
3238,same,0
3680,same,0
906,different,31
1399,different,32
3473,same,0
2164,same,0
3511,same,0
567,different,28
2996,same,0
1468,different,18
2522,same,0
2034,same,0
2961,same,0
1894,different,12
2284,same,1
1186,different,25
3800,same,0
2754,same,1
2127,same,0
668,different,27
2216,same,0
2723,same,1
1007,different,34
562,different,25
2064,same,1
946,different,31
3456,same,1
1426,different,9
22,different,38
385,different,21
1748,different,38
2652,same,2
3838,same,0
1792,different,29
477,different,17
3930,same,0
709,different,26
905,different,11
3383,same,0
2587,same,2
2541,same,0
3195,same,0
2427,same,0
2449,same,0
427,different,12
1292,different,22
1672,different,25
3232,same,0
301,different,32
3896,same,0
1780,different,19
1185,same,11
3793,same,0
1657,different,18
714,different,29
230,different,19
3032,same,0
1937,different,27
827,different,23
2279,same,0
958,different,33
2680,same,1
2217,same,0
1240,different,33
1182,different,31
3005,same,1
1041,different,22
43,different,19
2548,same,0
106,different,23
126,different,13
1216,different,31
1425,different,37
3561,same,1
1274,different,23
550,different,6
1218,different,35
2237,same,0
816,different,39
1832,different,29
3015,same,0
206,different,36
3931,same,0
80,different,16
420,different,13
3866,same,3
3899,same,0
1619,different,19
1269,different,34
2601,same,2
2560,same,1
1050,different,32
2978,same,0
1972,different,5
1228,different,26
1177,different,23
180,different,22
391,different,16
3343,same,0
575,different,32
2008,same,0
2936,same,0
3345,same,0
95,different,20
3600,same,0
3094,same,0
3309,same,2
436,different,13
3629,same,3
59,different,28
3647,same,1
3139,same,0
1242,different,13
2431,same,1
2145,same,0
2593,same,1
2614,same,0
690,different,13
412,different,30
1505,different,20
1214,different,31
2789,same,0
636,different,27
1173,different,22
3310,same,0
3635,same,0
2947,same,0
3702,same,0
3242,same,0
2391,same,0
2393,same,0
413,different,19
331,different,16
2635,same,0
82,different,7
799,different,24
2182,same,0
888,different,22
2114,same,0
55,different,33
2273,same,1
2112,same,0
2405,same,0
1048,different,15
3459,same,0
2917,same,1
1797,different,64
1893,different,10
573,different,30
1308,different,21
2055,same,1
622,different,36
3924,same,1
40,different,42
2795,same,0
919,different,31
2303,same,2
1319,different,42
3987,same,2
656,different,13
1922,different,21
1457,different,18
767,different,15
2648,same,0
3043,same,1
394,different,32
3827,same,0
2846,different,24
3966,same,0
2061,same,0
2346,same,1
1517,different,35
2478,same,1
3143,same,1
2870,same,1
2266,same,0
701,different,18
3098,same,1
1842,different,24
1170,different,42
526,different,22
1343,different,22
1102,different,29
1989,different,31
1998,different,24
311,different,28
1022,different,48
1180,different,32
1411,different,34
1305,different,26
292,different,42
1374,different,20
1099,different,7
2442,same,1
943,different,29
3558,same,0
875,different,11
1087,different,29
3425,same,0
649,different,38
1377,different,35
3019,same,1
3934,same,1
3253,same,0
1474,different,36
1550,different,33
3432,same,3
2766,same,2
3913,same,0
1683,different,34
627,different,9
665,different,10
3233,same,0
727,different,32
3525,same,0
547,different,29
3612,same,0
3517,same,2
1224,different,9
902,different,6
3817,same,0
2488,different,21
778,different,11
3395,same,4
3547,same,1
3513,same,0
2520,same,1
1092,different,18
1071,different,17
105,different,33
1995,different,17
1712,different,29
3758,same,0
1275,different,35
196,different,32
2719,same,1
812,different,6
890,different,26
2668,same,0
2632,same,0
3331,same,2
3070,same,1
2332,same,1
1010,different,19
1542,different,39
3119,same,0
469,different,35
3625,same,0
2290,same,2
3783,same,0
1258,different,10
3162,same,1
1810,different,5
3560,same,1
5,different,5
1633,different,38
228,different,34
1738,different,28
2368,same,0
554,different,44
1618,different,5
50,different,42
2089,same,1
2189,same,0
1396,different,32
154,different,32
813,different,38
1215,different,22
2515,same,0
1996,different,25
1222,different,22
113,different,19
1311,different,25
3545,same,0
1327,different,7
2124,same,1
1753,different,22
2954,same,0
2262,same,0
849,different,22
2325,same,0
327,different,12
1508,different,29
70,different,40
3240,same,2
698,different,19
352,different,34
3675,same,1
1075,different,39
1525,different,30
272,different,18
3374,same,0
1992,different,12
3306,same,0
3221,same,2
2204,same,0
2240,same,1
1499,different,41
2527,same,0
2967,same,0
2113,same,1
2003,same,1
700,different,40
1695,different,32
500,different,27
2507,same,1
3626,same,1
2372,same,0
1458,different,9
2308,same,0
3743,same,0
210,different,31
1711,different,24
1882,different,15
38,different,5
1318,different,8
1778,different,19
151,different,25
2510,same,0
1261,different,28
36,different,30
2822,same,4
3723,same,0
850,different,31
3792,same,0
2190,same,0
511,different,13
780,different,6
1153,different,16
1252,different,23
3637,same,0
2220,different,18
773,different,18
3409,same,1
2328,same,0
631,different,27
3012,same,0
3091,same,1
1722,different,25
2599,same,0
968,different,35
1599,different,11
1851,different,15
3942,same,0
3280,same,1
468,different,20
544,different,23
1306,different,11
502,different,16
903,different,31
2849,same,0
1660,different,22
2244,same,0
2863,same,0
3852,same,1
3909,same,1
249,different,26
3556,same,0
3430,same,1
2968,same,1
18,different,25
3867,same,0
1495,different,16
392,different,18
2815,same,1
2588,same,0
140,different,28
1921,different,30
24,different,23
2809,same,0
2572,same,2
2726,same,0
2503,same,0
1296,same,5
498,different,12
707,different,12
2339,same,0
3915,same,0
682,different,30
41,different,27
2043,same,1
1694,different,29
3078,same,0
1447,different,40
3770,same,0
3688,same,0
1211,different,46
763,different,34
1689,different,26
3398,same,0
3713,same,1
1742,different,27
3308,same,0
3802,same,1
743,different,22
2404,same,0
911,different,30
3,different,11
3202,same,1
752,different,25
172,different,35
3407,same,1
1867,different,10
2675,same,1
178,different,8
1160,different,35
1761,different,27
771,different,26
936,different,23
960,different,32
2533,same,0
1000,different,22
432,different,13
340,different,31
794,different,34
356,different,33
546,different,22
824,different,26
755,different,20
2010,same,0
1608,different,8
2469,same,0
1302,different,24
309,different,22
1220,different,5
2575,same,1
576,different,13
3490,same,0
803,different,12
1739,different,32
2194,same,0
3979,same,0
63,different,20
2900,same,0
3769,same,0
1272,different,21
3178,same,0
3307,same,0
2070,same,1
205,different,35
3501,same,0
484,different,29
3244,same,0
3622,same,0
1314,different,51
3179,same,1
1744,different,8
171,different,23
2501,same,0
2881,same,0
2713,same,0
2879,same,0
2318,same,0
3189,same,0
300,different,26
925,different,25
1460,different,10
3540,same,1
674,different,16
1081,different,27
3405,same,0
287,different,15
302,different,34
3916,same,0
3670,same,0
2483,same,5
3033,same,0
2133,same,0
2828,same,0
3807,same,0
747,different,20
3198,same,0
3639,same,0
2960,same,0
1407,different,38
1077,different,24
3615,same,0
3491,same,1
402,different,34
2670,same,2
2633,same,0
2060,same,1
2154,same,0
2962,same,0
2326,same,0
877,different,38
564,different,30
1478,different,14
3075,same,0
921,different,28
2639,same,0
2254,same,1
366,different,25
3818,same,0
3794,same,2
3476,same,1
1104,different,12
920,different,9
613,different,16
3433,same,2
1941,different,17
855,different,10
1093,different,20
585,different,34
2629,same,0
336,different,42
1997,different,10
431,different,13
2526,same,0
3584,same,0
298,different,22
868,different,38
1341,different,32
3488,same,0
444,different,41
792,different,34
3115,same,1
959,different,38
3587,same,1
3168,same,1
1277,different,36
1733,different,32
2703,same,0
2654,same,0
2721,same,1
1,different,20
3421,same,2
3313,same,0
2249,same,0
1994,different,26
423,different,19
3534,same,1
1763,different,35
828,different,26
1212,different,36
245,different,12
322,different,35
3877,same,1
787,different,36
1265,different,34
2429,same,1
3314,same,2
3937,same,0
2638,same,0
1908,different,38
3974,same,1
1157,different,37
2823,same,0
2021,same,0
986,different,31
1530,same,7
2100,same,0
2930,same,1
217,different,32
1028,different,18
1062,different,14
2885,same,0
2586,same,1
348,different,33
834,different,18
2887,same,0
2988,same,0
57,different,42
1646,different,9
3467,same,0
3192,same,1
2448,same,0
976,different,36
3526,same,4
1217,different,17
3031,same,0
218,different,23
549,different,21
2261,same,0
490,different,15
1174,different,19
3104,same,2
3090,same,0
1589,different,38
215,different,25
3498,same,0
808,different,25
478,different,33
3205,same,0
1393,different,16
2683,same,0
2676,same,0
3716,same,0
2951,same,0
32,different,28
2411,same,0
3382,same,1
310,different,31
1188,different,27
1782,different,14
1366,different,9
1286,different,40
3112,same,0
3755,same,0
516,different,23
675,different,8
3855,same,0
1381,different,11
1257,different,21
2078,same,1
3081,same,0
3661,same,1
679,different,12
2971,same,1
3004,same,0
297,different,26
2210,same,0
2480,same,0
552,different,18
572,different,7
904,different,21
553,different,37
1925,different,36
1840,different,13
616,different,36
224,different,7
2252,same,0
104,different,14
2975,same,0
330,different,32
2486,same,1
482,different,28
3933,same,0
916,different,33
1839,different,41
3210,same,0
152,different,27
2212,same,0
285,different,15
579,different,28
3574,same,1
1455,different,39
3740,same,0
2160,same,1
3325,same,0
3401,same,0
3938,same,2
3110,same,1
2440,same,0
754,different,35
672,different,38
2492,same,1
1378,different,27
3750,same,1
2679,same,1
1467,different,34
2597,same,0
524,different,30
2408,same,0
3754,same,0
1973,different,34
858,different,36
3440,same,1
2531,same,0
443,different,33
1977,different,11
1183,different,27
457,different,26
3204,same,0
111,different,34
2506,same,1
3861,same,0
561,different,16
914,different,33
3311,same,1
1693,different,25
320,different,33
3234,same,0
1869,different,34
1282,different,26
643,different,26
3273,same,0
1559,different,18
2149,same,0
1017,different,23
2228,same,0
3530,same,1
3053,same,0
3292,same,0
1767,different,29
2974,same,0
3859,same,1
2385,same,2
1401,different,38
1330,different,13
669,different,25
1678,different,30
909,different,32
3390,same,0
3782,same,1
407,different,27
1283,different,27
1033,different,29
2656,same,0
346,different,11
1210,different,29
3483,same,1
1682,different,19
1870,different,31
711,different,13
1961,different,35
551,different,26
3141,same,1
2699,same,0
1229,different,21
3295,same,0
2413,same,0
2256,same,0
325,different,42
2644,same,1
74,different,10
1038,different,23
3753,same,1
3970,same,1
10,different,22
1207,same,7
2260,same,0
1384,different,36
2347,same,1
3016,same,2
132,different,25
2218,same,0
242,different,37
1208,different,23
3766,same,0
3671,same,0
3715,same,2
759,different,26
1845,different,26
3883,same,2
2958,same,1
3218,same,0
531,different,29
2207,same,0
1045,different,10
269,different,10
1144,different,10
2389,same,1
2539,same,2
3785,same,0
1245,different,14
3024,same,0
3443,same,0
3271,same,0
283,different,29
708,different,23
1150,different,20
972,different,34
3597,same,0
2067,same,0
2235,same,0
1371,different,28
2117,same,1
3665,same,0
1880,different,18
1588,different,27
212,different,6
989,different,32
162,different,6
208,different,27
3569,same,0
1054,different,21
2852,same,0
3683,same,2
2502,same,0
3436,same,0
14,same,7
2205,same,0
582,different,22
397,different,14
2692,same,1
760,different,20
3571,same,0
938,different,8
721,different,31
393,different,15
833,different,26
3841,same,0
3706,same,0
417,different,36
317,different,31
1592,different,24
2722,same,2
2341,same,1
1909,different,28
2759,same,0
881,different,7
1323,different,23
193,different,25
3985,same,0
2077,same,1
1760,different,31
1849,different,38
2381,same,6
3893,same,3
94,different,20
3387,same,0
3559,same,2
3503,same,0
2848,same,0
897,different,27
2044,same,0
3983,same,1
3289,same,0
917,different,28
318,different,34
1841,different,14
2905,same,1
231,different,30
1745,different,46
2181,same,0
1484,different,28
1978,different,24
2747,same,0
299,different,33
952,different,24
3317,same,1
2893,same,2
313,different,10
369,different,25
3410,same,0
2787,same,0
784,different,24
257,different,19
2912,same,0
3128,same,1
1967,different,8
3061,same,1
1538,different,33
648,different,11
53,different,37
2494,same,0
506,different,27
2945,same,0
2493,same,0
3282,same,0
437,different,27
3932,same,1
2733,same,0
3216,same,1
1267,different,36
3206,same,0
51,different,24
1402,different,28
603,different,37
2396,same,1
805,different,37
2580,same,1
857,different,36
3350,same,0
3779,same,0
1433,different,19
3097,same,0
3864,same,1
3148,same,0
2201,same,1
922,different,22
1855,different,43
3123,same,0
2982,same,1
244,different,17
1623,different,22
175,different,8
766,different,30
1427,different,19
2864,same,0
2232,same,0
3348,same,0
1779,different,22
2271,same,0
3627,same,1
3180,same,0
1416,different,37
2781,same,0
543,different,25
2036,same,0
3056,same,0
99,different,42
2108,same,2
1804,different,37
3977,same,0
1009,different,31
3442,same,1
2524,same,0
646,different,24
3882,same,0
2019,same,0
1262,same,6
3992,same,1
2489,same,0
3745,same,1
3529,same,1
1584,different,27
1297,different,25
3207,same,1
3291,same,1
1013,different,26
334,different,22
3907,same,0
2158,same,0
945,different,23
1469,different,12
581,different,12
2555,same,0
2941,same,0
1049,different,34
1875,different,24
1098,different,8
826,different,5
3284,same,1
1189,different,18
836,different,15
165,different,23
2583,same,0
1244,different,36
2482,same,1
3885,same,0
1439,different,20
2741,same,0
200,different,16
1625,different,17
639,different,33
2345,same,0
351,different,30
3516,same,0
688,different,7
2438,same,1
2028,same,0
3999,same,1
2388,same,1
625,different,35
2435,same,0
2544,same,1
663,different,46
957,different,14
2808,same,1
3486,same,0
655,different,18
590,different,19
1593,different,10
3957,same,1
2417,same,0
3768,same,0
195,different,7
1876,different,26
3585,same,0
3422,same,2
1815,different,24
3323,same,0
3067,same,0
3152,same,0
1166,different,24
2853,same,0
1707,different,32
997,different,27
290,same,7
260,different,20
1287,different,27
746,different,29
2819,same,0
2841,same,0
321,different,24
1503,different,24
2718,same,1
2530,same,1
2461,same,1
100,different,39
83,different,6
3541,same,0
2430,same,0
2090,same,1
3039,same,0
2046,same,0
251,different,21
3531,same,1
20,different,10
144,same,5
1142,different,24
3691,same,0
3384,same,1
17,different,14
3911,same,2
2976,same,0
2999,same,1
1836,different,36
2702,same,1
1316,different,50
3008,same,1
1947,different,22
1663,different,11
3812,same,0
1324,different,20
984,different,13
3658,same,0
3840,same,0
2139,same,1
1198,different,30
659,different,23
539,different,24
1732,different,29
109,different,28
411,different,29
2707,same,0
3418,same,0
2918,same,0
2033,same,0
3837,same,1
3300,same,2
1074,different,26
2000,different,34
2023,same,0
3201,same,1
2069,same,1
2258,same,0
693,different,36
3003,same,1
3173,same,0
2454,same,0
3780,same,0
1865,different,24
1137,different,23
1449,different,24
2850,same,0
1113,different,30
999,different,24
3692,same,0
1640,different,25
774,different,28
3304,same,0
2799,same,0
2554,same,1
2178,same,0
2143,same,0
821,different,21
174,different,28
3595,same,0
926,different,27
2813,same,0
2664,same,0
303,different,30
1904,different,31
979,different,26
135,different,25
3446,same,0
756,different,27
2392,same,1
617,different,18
3630,same,0
3978,same,2
772,different,26
163,different,28
719,different,27
1622,different,36
2498,same,0
3083,same,1
1664,different,20
2744,same,0
3696,same,0
2213,same,0
3121,same,0
3030,same,0
2048,same,1
2751,same,1
839,different,29
131,different,24
345,different,33
184,different,16
748,different,30
3441,same,1
842,different,32
323,different,8
3366,same,0
662,different,20
818,different,15
1445,different,35
1368,different,33
2376,same,0
1966,different,27
3493,same,0
1772,different,28
1313,different,27
3824,same,1
637,different,31
577,different,24
3149,same,1
2574,same,1
1864,same,5
3532,same,0
3687,same,0
459,different,28
361,different,35
2782,same,0
130,different,33
3351,same,0
1730,different,24
635,different,24
568,different,27
2942,same,11
3831,same,0
804,different,7
1018,different,34
23,different,34
593,different,32
1914,different,35
1999,different,7
3552,same,1
3260,same,0
1735,different,34
2373,same,0
2536,same,0
2255,same,0
1107,different,10
2338,same,0
871,different,26
1353,different,35
884,different,9
3272,same,1
2650,same,0
2798,same,0
1938,different,13
274,different,9
2208,same,0
3910,same,1
3557,same,1
1485,different,32
237,different,31
3269,same,1
2468,same,0
2387,same,0
2076,same,1
2183,same,0
965,different,22
910,different,20
2736,same,0
3497,same,1
2595,same,0
2280,same,1
1528,different,32
1518,different,20
1805,different,30
782,different,16
3197,same,0
3448,same,1
1219,different,21
1139,different,16
1372,different,15
2622,same,0
1764,different,38
2304,same,1
1059,different,27
1169,different,33
179,different,38
654,different,28
2150,same,2
455,different,24
2177,same,0
3951,same,0
3122,same,1
1814,different,35
1620,different,34
2720,same,1
895,different,16
880,different,38
621,different,17
474,different,11
2333,same,0
1591,different,33
2523,same,0
3363,same,1
980,different,35
3059,same,0
3424,same,0
1796,different,23
1949,different,35
798,different,6
2824,same,0
2549,same,0
1175,different,5
2437,same,0
1798,different,12
2022,same,0
1136,different,48
1454,different,5
234,different,30
856,different,33
2074,same,1
3265,same,0
2643,same,0
1692,different,18
2274,same,0
2756,same,2
3590,same,2
1927,different,8
314,different,38
1758,different,27
3414,same,0
3255,same,1
860,different,21
1085,different,21
1004,different,28
1417,different,5
2444,same,1
931,different,36
527,different,14
806,different,13
3518,same,0
1138,different,27
3524,same,0
761,different,30
1227,different,47
1813,same,8
2832,same,1
3730,same,0
2447,same,2
3403,same,0
261,different,27
1521,different,25
3177,same,0
25,different,28
3835,same,0
3355,same,1
3990,same,0
541,different,32
2909,same,1
2270,same,0
1878,different,18
3748,same,0
2001,same,0
2131,same,1
1354,different,12
29,different,14
275,different,27
499,different,9
600,different,28
783,different,26
93,different,23
1347,different,39
1421,different,19
2729,same,1
1808,different,19
556,different,9
2764,same,2
1202,different,28
3582,same,0
2545,same,0
933,different,8
3006,same,0
1446,different,16
2414,same,0
3261,same,1
3973,same,0
3397,same,1
866,different,29
324,different,28
3922,same,0
2075,same,1
84,different,11
1669,different,5
3045,same,3
3805,same,0
2578,same,1
840,different,35
481,different,22
491,different,7
3037,same,1
738,different,30
560,different,11
2989,same,1
2066,same,1
1788,different,10
623,different,22
3357,same,1
1008,different,28
1912,different,29
1741,different,34
2746,same,1
1385,different,36
1462,different,30
2829,same,1
464,different,17
1352,different,28
2801,same,0
1709,different,11
1494,different,26
1300,different,33
3703,same,0
2199,same,0
3746,same,1
1452,different,37
198,different,31
3079,same,0
376,different,23
1264,different,18
3994,same,0
3851,same,0
3101,same,3
3788,same,0
3335,same,0
1621,different,16
2965,same,1
2977,same,0
2596,same,0
316,different,29
2995,same,0
430,different,13
1303,different,27
1721,different,6
207,different,30
720,different,26
3336,same,0
2564,same,0
1680,different,35
1895,different,38
1628,different,26
2138,same,1
2566,same,0
514,different,8
1787,different,19
2456,same,0
3521,same,0
1812,different,25
3268,same,0
3369,same,0
1708,different,26
3147,same,0
2944,same,1
3191,same,0
2770,same,0
1803,different,30
1089,different,17
3808,same,0
2179,same,1
3174,same,0
1251,different,40
2934,same,0
2641,same,0
2317,same,1
3258,same,1
2445,same,1
3316,same,0
2315,same,2
2294,same,0
476,different,26
2119,same,0
962,different,19
863,different,14
1364,different,30
214,different,9
58,different,36
2739,same,0
3014,same,1
1515,different,27
2014,same,1
3404,same,1
2973,same,0
1889,different,33
293,different,20
1642,different,38
1430,different,5
3364,same,0
3656,same,0
650,different,7
529,different,20
2342,same,0
3997,same,0
137,different,29
1553,different,37
2972,same,0
1563,different,7
2012,same,1
2793,same,0
3145,same,0
354,different,18
1697,different,9
2192,same,0
3789,same,0
1666,different,20
819,different,27
2111,same,0
3849,same,0
3396,same,0
3494,same,3
2357,same,1
1470,different,35
584,different,37
3717,same,0
1359,different,19
2057,same,2
3886,same,1
1706,different,31
2547,same,0
3519,same,2
1398,different,41
2626,same,1
238,different,10
333,different,33
424,different,33
3720,same,0
2862,same,0
1279,different,21
1461,different,24
3327,same,0
3941,same,0
781,different,28
770,different,38
3646,same,0
3583,same,0
3820,same,1
2784,same,0
2712,same,1
45,different,10
734,different,29
2949,same,0
1129,different,30
148,different,22
2585,same,0
2950,same,0
950,different,19
3806,same,0
3829,same,0
1263,different,21
3651,same,0
2125,same,0
2035,same,1
2371,same,0
1225,different,15
3077,same,3
3196,same,0
2837,same,0
3980,same,0
2406,same,0
2558,same,0
3834,same,0
776,different,26
213,different,23
2806,same,0
446,different,18
2776,same,0
1438,different,9
935,different,37
1830,different,27
3889,same,0
2099,same,0
3137,different,10
1857,different,37
607,different,7
652,different,31
3431,same,2
3711,same,0
1320,different,7
503,different,34
3923,same,0
1988,different,26
2831,same,0
343,different,24
133,different,21
558,different,30
1119,different,21
308,different,34
601,different,33
3828,same,1
1881,different,29
229,different,41
1021,different,33
246,different,30
1380,different,32
3747,same,0
3536,same,0
1548,different,25
1783,different,23
1463,different,24
1716,same,8
3211,same,0
1632,different,29
4000,same,0
2455,same,1
532,different,24
1665,same,8
3290,same,2
48,different,12
3170,same,1
1699,different,27
1704,different,27
2428,same,1
1638,different,8
421,different,31
1482,different,30
2785,same,0
3644,same,0
2838,same,0
475,different,27
1504,different,32
1670,different,7
3140,same,0
3509,same,0
456,different,23
3892,same,0
1328,different,27
533,different,18
2130,same,0
1549,different,28
2568,same,0
337,different,11
2116,same,0
1687,different,16
2184,same,1
286,different,34
2051,same,0
1178,different,40
462,different,38
1648,different,24
3759,same,0
1946,different,36
2631,same,0
932,different,5
2651,same,0
289,different,11
1394,different,29
2186,same,0
108,different,19
248,different,36
1241,different,33
854,different,23
1523,different,41
956,different,43
2364,same,0
3791,same,0
2922,same,0
2106,same,0
247,different,40
983,different,16
528,different,35
1848,different,40
1624,different,27
2132,same,0
653,different,36
170,different,30
2370,same,1
3623,same,1
3798,same,0
1756,different,20
712,different,15
1083,different,25
480,different,10
3813,same,1
344,different,9
3891,same,0
1408,different,29
3339,same,1
169,different,22
3787,same,1
3555,same,0
3956,same,0
1259,different,35
1204,different,9
2206,same,0
3599,same,0
2324,same,0
3976,same,1
3277,same,0
426,different,34
1403,different,40
3673,same,0
3804,same,2
777,different,39
3522,same,1
1233,different,28
3222,same,2
2935,same,1
1877,different,21
414,different,21
1971,different,28
1266,different,27
1011,different,41
1556,different,21
158,different,28
2743,same,0
2296,same,0
3228,same,0
2146,same,2
896,different,49
1309,different,25
660,different,38
1571,different,28
3940,same,2
1635,different,33
1727,different,30
2015,same,0
2796,same,0
846,different,37
2902,same,1
197,different,32
2242,same,0
1962,different,27
2006,same,0
2361,same,0
1163,different,18
2979,same,1
927,different,36
3074,same,1
1551,different,26
2772,same,0
46,different,26
3620,same,0
1014,different,29
3041,same,1
1991,different,38
1410,different,36
2144,same,0
3367,same,1
1828,different,16
1674,different,27
3833,same,0
3299,same,1
3989,same,0
1598,different,21
970,different,40
486,different,21
3927,same,2
194,different,24
1993,different,24
3052,same,2
1387,different,10
3926,same,1
1024,different,20
2636,same,0
3212,same,0
609,different,22
1329,different,21
3362,same,1
2453,same,0
3719,same,2
2221,same,1
3760,same,0
3020,same,0
1644,different,31
2891,same,1
1641,different,10
512,different,13
1034,different,31
2775,same,1
1103,different,19
1586,different,37
2990,same,0
3699,same,0
1067,different,26
555,different,33
2487,same,0
2658,same,0
2576,same,0
2946,same,0
2084,same,0
1846,different,28
2439,same,0
874,different,15
3144,same,1
2042,same,2
190,different,19
3105,same,0
1236,different,26
1936,different,32
3601,same,1
790,different,27
434,different,25
3960,same,1
3773,same,2
3581,same,0
578,different,16
1552,different,33
2745,same,0
1082,different,20
1558,different,16
1715,different,30
3628,same,0
729,different,24
1428,different,10
2397,same,0
2500,same,0
3578,same,1
1268,different,22
1597,different,38
353,different,33
3399,same,0
236,different,21
2993,same,0
3063,same,2
1532,different,25
745,different,10
3653,same,0
252,different,6
1171,different,21
1573,different,33
1755,different,13
775,different,12
1063,different,25
1700,different,33
2762,same,1
332,different,8
3279,same,0
3328,same,1
2559,same,0
841,different,31
47,different,25
122,different,13
1162,different,16
2241,same,1
1522,different,35
3579,same,0
718,different,30
189,different,26
1012,different,18
1524,different,37
3389,same,0
735,different,23
3050,same,1
2761,same,0
1926,different,11
2379,same,0
3811,same,0
2963,same,0
1333,different,49
225,different,28
3223,same,0
2162,same,2
1335,different,39
2340,same,0
1167,different,15
2197,same,0
3120,same,0
1799,different,30
3614,same,0
1931,different,30
280,different,33
1152,different,21
3888,same,0
347,different,15
1906,different,31
488,different,40
1720,different,35
2175,same,0
1370,different,28
3975,same,2
586,different,5
3246,same,1
2052,same,0
2835,same,0
1360,different,27
765,different,35
3361,same,1
3116,same,1
2792,same,0
1609,different,23
2314,same,1
2467,same,2
69,different,21
912,different,35
2355,same,0
255,different,23
2497,same,0
181,different,34
2825,same,0
3738,same,0
1176,same,6
3213,same,0
1437,different,25
697,different,29
1145,different,34
3846,same,1
2760,same,2
1483,different,29
786,different,36
2365,different,8
3157,same,0
2672,same,1
1122,different,21
3060,same,0
2168,same,0
227,different,30
3266,same,1
1919,different,27
3527,same,0
3186,same,0
4,different,5
1740,different,18
753,different,21
3887,same,0
2810,same,0
3914,same,0
594,different,33
3055,same,0
851,different,37
1843,different,38
2611,same,2
2701,same,0
1126,different,8
1404,different,32
2682,same,2
341,different,23
3726,same,0
2992,same,1
335,same,10
3320,same,0
3731,same,0
102,different,8
1444,different,31
1661,different,38
3203,same,0
1685,different,29
3936,same,0
2092,same,1
281,different,31
2854,same,0
1480,different,20
2757,same,0
66,different,15
793,different,21
994,different,12
3046,same,0
565,different,6
3749,same,0
3243,same,0
1161,different,17
2803,same,1
2107,same,1
1850,different,35
1887,different,31
3875,same,0
187,different,38
1968,different,24
1348,different,7
829,different,23
692,different,19
1043,different,27
3772,same,0
188,different,16
64,different,26
644,different,20
1898,different,25
716,different,32
2924,same,1
1301,different,15
3603,same,0
3402,same,1
3321,same,0
3844,same,0
1105,different,15
2892,same,0
859,different,6
641,different,19
2605,same,1
988,different,26
2248,same,2
2706,same,0
2594,same,1
1520,different,30
1127,different,28
974,different,24
3010,same,0
2807,same,0
990,different,15
1091,different,27
1959,different,7
166,different,33
2742,same,1
822,different,25
923,different,31
383,different,34
1500,different,21
186,different,13
183,different,29
680,different,28
1248,different,15
3256,same,0
3479,same,0
3762,same,2
2351,same,0
2374,same,0
1312,different,21
1979,different,28
3542,same,2
1386,different,17
3480,same,1
3781,same,1
2561,same,1
2855,same,0
2223,same,1
1406,different,28
3967,same,0
2773,same,0
1429,different,22
3948,same,0
81,different,5
273,different,26
3163,same,0
628,different,15
1654,different,35
30,different,30
3062,same,0
1221,different,30
2608,same,0
2671,same,2
723,different,17
1358,different,5
2734,same,2
3209,same,0
878,different,29
3819,same,1
3694,same,0
1031,different,7
425,different,32
39,different,37
3471,same,0
1100,different,28
1594,different,17
3229,same,2
2606,same,4
3660,same,0
1030,different,21
256,different,33
1420,different,30
159,different,36
3301,same,0
3945,same,0
2330,same,2
1714,different,15
2528,same,0
3652,same,2
666,different,27
1561,different,6
2336,same,0
400,different,24
940,different,18
2577,same,1
3698,same,0
2634,same,0
2537,same,0
92,different,23
1035,different,31
1950,different,8
2169,same,0
2267,same,0
2198,same,1
3796,same,0
2957,same,0
1675,different,22
3690,same,1
3324,same,0
3895,same,1
1890,different,25
1826,different,30
463,different,9
2615,same,0
2384,same,2
2424,same,0
1734,different,20
3984,same,0
3381,same,1
608,different,31
1332,different,38
3347,same,0
3017,same,1
3507,same,0
1596,different,22
2321,same,0
2491,same,0
2105,same,0
201,different,27
362,different,32
3918,same,0
3971,same,0
410,different,27
1037,different,28
2556,same,0
3576,same,0
1696,different,23
3919,same,1
3264,same,1
1052,different,25
876,different,27
758,different,29
2109,same,0
365,different,20
2534,same,1
2360,same,0
610,different,31
973,different,32
1155,different,22
947,different,5
1108,different,15
1920,different,6
3452,different,8
797,different,21
2709,same,1
291,different,24
3183,same,0
3822,same,0
2932,same,1
1555,same,7
3645,same,0
1579,different,19
2288,same,0
676,different,25
2812,same,1
377,different,21
2245,same,0
467,different,34
2063,same,1
2725,same,0
898,different,24
820,different,25
3689,same,0
3832,same,2
1489,different,17
2895,same,2
2609,same,0
3619,same,1
2657,same,0
1652,different,14
2842,same,1
3633,same,0
3986,same,0
583,different,35
429,different,37
3736,same,0
1795,different,30
1957,different,33
360,same,7
3961,same,1
2231,same,0
1334,different,33
2085,same,1
1831,different,29
702,different,43
1151,different,39
1605,different,36
3955,same,1
1073,different,16
687,different,33
508,different,21
1492,different,24
521,different,8
1928,different,38
2369,same,0
3158,same,0
3138,same,0
3365,same,0
2655,same,1
3823,same,0
1533,different,12
2230,same,1
1933,different,29
3022,same,3
3420,same,0
164,different,34
3905,same,0
2938,same,0
2927,same,0
2009,same,0
329,different,39
2363,same,0
1230,different,7
1587,different,25
3621,same,0
3847,same,0
3712,same,0
2472,same,0
2984,same,1
2886,same,0
2505,same,2
2907,same,0
223,different,19
939,different,36
566,different,27
3506,same,0
3373,same,0
3752,same,0
867,different,26
3496,same,0
2068,same,0
1276,different,8
2378,same,0
3412,same,0
3845,same,0
209,different,27
534,different,30
2662,same,0
2617,same,0
3727,same,0
1604,different,27
2171,same,2
3227,same,1
1510,different,43
802,different,36
885,different,32
1036,different,24
3044,same,0
1086,different,32
632,different,31
3876,same,0
3160,same,0
1916,different,34
1726,different,33
3776,same,3
580,different,21
2432,same,0
2426,same,1
3485,same,0
3568,same,1
3962,same,0
595,different,11
1802,different,22
2110,same,1
2872,same,0
2818,same,0
3648,same,1
892,different,43
3069,same,0
3775,same,0
1884,different,41
1253,different,20
3650,same,1
1610,different,12
3586,same,1
683,different,35
2512,same,0
3654,same,0
3659,same,0
3903,same,0
138,different,32
520,different,8
2246,same,1
3285,same,0
4002,different,33
1580,different,26
442,different,15
2678,same,0
2964,same,0
3444,same,0
2185,same,0
305,different,20
2419,same,0
1821,different,22
177,different,14
2610,same,1
3935,same,5
79,different,23
705,different,25
518,different,28
2551,same,0
1650,different,7
2400,same,1
495,different,33
3963,same,0
830,different,20
3873,same,1
1023,different,10
2353,same,0
1239,different,30
3176,same,0
843,different,26
3378,same,1
2998,same,1
1019,different,31
3567,same,0
3575,same,0
1987,different,26
1448,different,17
2645,same,0
3344,same,0
2931,same,0
3508,same,0
963,different,22
1698,different,28
2690,same,0
2899,same,1
2616,same,1
2335,same,0
3952,same,1
3252,same,0
1980,different,18
3879,same,0
978,different,38
2141,same,1
1583,different,29
3816,same,0
146,different,7
2867,same,1
440,different,15
2059,same,0
2724,same,0
2088,same,0
3267,same,0
1806,same,11
1817,different,29
3908,same,0
1491,different,41
615,different,27
3771,same,0
3643,same,0
3159,same,0
3298,same,2
2180,same,0
574,same,6
465,different,23
77,different,18
2166,same,0
2861,same,1
901,different,30
3657,same,0
136,different,10
2859,same,1
750,different,17
3991,same,0
2955,same,2
713,different,31
2446,same,0
3167,same,0
1409,different,35
115,different,14
3462,same,1
1981,different,17
3801,same,1
3589,same,0
1985,different,28
2083,same,1
1888,different,35
3426,same,0
1952,different,35
2821,same,0
1080,different,24
1238,different,33
3151,same,0
1405,different,24
1293,different,22
357,different,18
3700,same,2
2866,same,0
3998,same,0
1061,different,37
2868,same,0
1578,different,44
173,different,22
1193,different,25
2875,same,0
1892,different,37
3528,same,1
142,different,21
2466,same,1
1419,different,7
1112,different,27
1955,different,11
1976,different,23
1117,different,31
1039,different,31
1325,different,46
2053,same,0
2802,same,0
2383,same,0
2752,same,0
403,different,34
1786,different,27
2933,same,0
934,different,44
1290,different,20
519,different,10
3929,same,0
2619,same,0
461,different,20
168,different,24
2834,same,0
3341,same,0
3184,same,0
1235,different,28
2689,same,2
1974,different,9
1415,different,37
3538,same,0
3281,same,0
3428,same,2
3954,same,0
2282,same,0
3332,same,1
3096,same,2
1051,same,5
3904,same,1
378,different,23
1940,different,20
2607,same,1
2349,same,1
942,different,38
2263,same,1
65,different,31
751,different,42
2412,same,0
3842,same,0
2623,same,0
2681,same,0
1784,different,32
3416,same,0
3906,same,0
34,different,16
3066,same,0
2582,same,0
967,different,11
2297,same,0
1953,different,17
3009,same,0
1659,different,15
2093,same,0
364,different,25
1547,different,12
1172,different,13
2970,same,1
2562,same,0
2928,same,1
2590,same,1
2386,same,1
557,different,9
2380,same,0
2134,same,0
2788,same,2
695,different,22
3679,same,1
2458,same,0
3100,same,0
3631,same,0
2173,same,1
3226,same,0
241,different,11
3376,same,0
3288,same,0
399,different,41
762,different,28
3146,same,0
2285,same,0
3463,same,2
2847,same,0
96,different,35
1310,different,24
2343,same,0
1617,different,33
592,different,29
54,different,13
3709,same,1
3130,same,0
2890,same,2
3548,same,0
2538,same,1
2152,same,0
3482,same,1
1785,different,23
1572,different,23
1901,different,25
3447,same,2
2029,same,0
3674,same,1
3611,same,1
2630,same,0
3677,same,1
2684,same,0
696,different,7
2465,same,0
1237,different,25
3333,same,0
1383,different,37
929,different,9
2952,same,1
2986,same,0
279,different,23
3872,same,0
1519,different,37
374,different,41
3669,same,1
2211,same,0
605,different,28
1488,different,11
2101,same,0
678,different,5
2436,same,0
1281,different,6
3274,same,1
869,different,18
3391,same,0
2727,same,3
1057,different,28
2311,same,1
3663,same,0
396,different,33
1095,different,22
872,different,30
1885,same,5
1990,different,29
3636,same,3
809,different,10
686,different,32
2637,same,3
3427,same,0
1201,different,9
1111,different,25
419,different,25
2496,same,3
27,different,7
3667,same,0
3642,same,0
3451,same,1
1691,different,13
2685,same,1
2627,same,0
3468,same,0
98,different,25
1662,different,27
2904,same,2
651,different,33
1068,different,20
1540,different,40
1602,different,28
3349,same,0
2880,same,0
941,different,14
2851,same,0
3862,same,1
3029,same,2
1818,different,36
3554,same,0
1886,different,18
548,different,32
542,different,38
795,different,6
1079,different,14
1582,different,10
129,different,34
21,different,7
441,different,24
3423,same,0
1120,different,28
673,different,38
2367,same,0
630,different,39
2833,same,0
1298,different,38
2844,same,1
1273,different,20
408,different,32
1363,different,27
1168,different,40
1146,different,9
2540,same,0
3315,same,3
1260,different,17
2163,same,0
267,different,28
3854,same,0
3276,same,1
3286,same,0
3408,same,1
2,different,15
271,different,18
2805,same,0
1531,different,34
1963,different,24
3127,same,0
3928,same,0
1595,different,22
202,different,34
1466,different,20
3739,same,0
3142,same,2
1376,different,24
3251,same,0
3577,same,1
3136,same,1
3640,same,0
2570,same,1
3360,same,1
2229,same,0
389,different,10
2147,same,0
3225,same,1
2281,same,0
156,different,28
2581,same,0
612,different,45
2966,same,1
160,different,16
358,different,28
2039,same,0
1453,different,18
1526,different,22
3602,same,1
3018,same,0
3356,same,1
3858,same,1
150,different,28
3860,same,0
2987,same,3
315,different,34
3458,same,1
2072,same,0
3778,same,1
258,different,35
381,different,31
2738,same,0
1852,different,31
2037,same,0
3949,same,0
3129,same,0
1607,different,37
1844,same,6
3968,same,0
703,different,16
1481,different,35
3450,same,0
1042,different,24
3329,same,0
3668,same,0
3641,same,0
390,different,34
1686,different,35
3594,same,0
3826,same,0
239,different,7
571,different,8
3073,same,0
1114,different,43
1863,different,36
1502,different,12
1304,different,10
1078,same,6
2425,same,1
2420,same,2
124,different,11
2354,same,1
3413,same,0
998,different,19
2925,same,0
2054,same,0
3239,same,0
3406,same,0
2589,same,0
1459,different,47
382,different,31
3172,same,1
375,different,38
1829,different,25
2550,same,0
2434,same,1
1754,different,33
1762,different,26
3514,same,1
3187,same,1
810,different,31
1101,different,28
2087,same,1
3262,same,1
56,different,8
2476,same,1
2906,same,0
3678,same,0
422,different,8
1653,different,31
3182,same,1
2693,same,0
1345,different,13
1719,different,38
2514,same,0
1351,different,26
2049,same,0
42,different,29
2151,same,0
1649,different,23
240,same,5
2137,same,0
1464,different,31
1056,different,47
1076,different,9
2749,same,0
3103,same,0
817,different,32
2123,same,2
1658,different,31
796,different,34
4003,different,9
1774,different,19
913,different,30
3881,same,0
1534,different,40
3219,same,1
3165,same,0
259,different,25
2543,same,1
975,different,31
1294,different,38
3475,same,1
117,different,11
3169,same,0
1746,different,19
1923,different,39
3106,same,0
123,different,31
2817,same,0
2769,same,0
3072,same,0
2153,same,0
1247,different,32
971,different,37
3607,same,0
3570,same,0
3857,same,0
1184,different,10
1115,different,25
359,different,28
19,different,34
2251,same,0
2382,same,1
3676,same,0
1546,different,27
3235,same,0
31,different,34
629,different,26
1791,different,9
1969,different,23
1382,different,21
2202,same,0
3088,same,0
633,different,29
2441,same,0
899,different,8
3705,same,0
1418,different,29
219,different,41
1944,different,8
540,different,15
953,different,12
1046,different,11
3953,same,0
969,different,30
1509,different,34
3799,same,0
908,different,35
451,different,30
2257,same,0
2155,same,0
2624,same,0
3638,same,0
1835,different,19
722,different,35
2908,same,1
3489,same,0
2148,same,0
1585,different,26
1307,different,38
2584,same,0
3474,same,0
907,different,19
1636,different,12
2883,same,0
3786,same,0
3076,same,0
1388,different,21
139,different,33
848,different,12
380,different,29
3375,same,0
1451,different,22
764,different,6
538,different,38
1090,different,30
2878,same,0
3417,same,1
3869,same,1
2567,same,1
265,different,8
1476,different,25
2778,same,2
1232,different,18
891,different,38
2156,same,0
2602,same,0
3686,same,0
2889,same,0
2600,same,0
1226,different,34
2313,same,2
328,different,10
3744,same,0
614,different,33
1496,different,12
2352,same,0
1860,different,22
1824,different,22
739,different,31
2552,same,0
3461,same,2
785,different,19
1541,different,14
3718,same,1
2215,same,0
2377,same,0
3085,same,1
1249,different,32
1688,different,25
3095,same,0
3057,same,0
1982,different,30
339,different,28
1196,different,17
2418,same,1
3064,same,1
2836,same,0
604,different,32
3111,same,3
3388,same,5
2129,same,0
2919,same,0
1942,different,24
2276,same,3
991,different,37
2525,same,1
1514,different,22
112,different,20
1065,different,30
1285,different,37
2774,same,0
3377,same,0
91,different,21
1278,different,26
60,different,15
2763,same,0
1373,different,31
1246,different,27
2102,same,0
1535,different,33
2910,same,1
3305,same,0
2259,same,0
1511,different,11
2050,same,0
2920,same,1
2331,same,1
838,different,31
2416,same,0
599,different,32
789,different,24
3728,same,0
1497,different,11
2956,same,0
597,different,26
3161,same,0
2579,same,1
388,different,26
1612,different,30
1529,different,16
2780,same,1
3346,same,0
1200,different,23
1040,same,7
1790,different,16
2366,same,2
3890,same,1
401,different,8
3566,same,0
1400,same,8
3297,same,0
473,different,38
2295,same,0
1918,different,20
1731,different,34
2275,same,0
3871,different,13
2191,same,0
1667,different,27
1513,different,10
1853,different,12
2667,same,0
2312,same,0
1629,different,30
2299,same,0
384,different,12
1431,different,37
2820,same,0
2082,same,0
815,different,14
447,different,35
1668,different,23
1165,different,31
3109,same,0
1639,different,25
3624,same,1
2994,same,1
3250,same,0
2058,same,0
3523,same,1
2283,same,0
513,different,26
11,different,30
1003,different,25
409,different,31
949,different,28
2715,same,4
2490,same,0
742,different,11
1565,different,6
101,different,37
2233,same,0
2247,same,2
1135,different,31
1315,different,34
2499,same,1
3878,same,2
1475,different,14
2319,same,1
2264,same,1
1340,different,28
1647,different,20
1477,different,27
3126,same,0
2573,same,0
379,different,33
873,different,8
2521,same,1
1339,different,22
1443,different,36
509,different,20
1141,different,19
2755,same,1
1506,different,22
435,different,39
928,different,7
3419,same,1
706,different,37
2004,same,0
3379,same,1
1673,different,18
3732,same,1
2278,same,1
3836,same,0
1058,different,16
453,different,35
523,different,38
1116,different,28
3707,same,2
1723,different,29
1964,different,14
3921,same,0
1020,different,17
71,different,39
1066,different,14
505,different,33
2394,same,1
985,different,39
3681,same,0
68,different,14
1903,different,43
3002,same,0
2473,same,1
3898,same,1
987,different,39
3790,same,1
3214,same,0
2546,same,2
1862,different,34
1507,different,31
3134,same,0
1055,different,36
825,different,28
3682,same,1
1770,different,18
1516,different,22
1337,different,18
3312,same,0
894,different,33
3588,same,1
52,different,27
879,different,20
3504,same,3
3114,same,1
3352,same,1
4001,different,20
204,different,23
2196,same,0
2604,same,1
3334,same,1
3735,same,0
589,different,29
982,different,28
2172,same,0
3340,same,0
2421,same,0
3319,same,0
471,different,8
1856,different,20
2327,same,1
598,different,31
404,different,10
1701,different,32
1053,different,16
2519,same,0
661,different,16
1951,different,35
1616,different,25
2896,same,0
15,different,26
2771,same,0
870,different,18
3359,same,1
1133,different,31
2532,same,0
2209,same,0
602,different,30
2433,same,0
2097,same,0
3259,same,1
2700,same,0
2310,same,0
2691,same,0
2914,same,0
1140,different,15
2874,same,0
3318,same,0
1349,different,29
1939,different,36
2452,same,1
61,different,25
749,different,18
694,different,30
1501,different,29
387,different,30
507,different,34
2674,same,0
454,different,39
689,different,21
3013,same,0
1088,different,21
1645,different,33
2136,same,2
3025,same,1
2188,same,0
3040,same,1
2991,same,1
1026,different,11
852,different,41
2018,same,3
2940,same,0
9,different,26
1854,different,28
1206,different,33
363,different,23
3254,same,0
2660,same,0
199,different,9
1913,different,20
924,different,38
254,different,36
3499,same,0
3815,same,0
3495,same,1
3484,same,0
893,different,27
2948,same,1
3194,same,0
3988,same,0
37,different,28
2869,same,1
3562,same,0
1677,different,34
3797,same,0
1631,different,35
3048,same,0
2071,same,1
2399,same,0
2840,same,1
3580,same,0
2753,same,0
367,different,37
525,different,34
1143,different,13
1703,different,34
1729,different,34
3551,same,1
3434,same,0
728,different,28
1016,different,26
670,different,25
2811,same,0
1015,different,47
1986,different,42
3477,same,0
2214,same,0
1322,different,15
110,different,7
1284,different,30
2628,same,1
3964,same,0
2791,same,0
1811,different,24
3765,same,0
167,different,18
134,different,30
3231,same,0
1002,different,25
2711,same,0
944,different,26
3028,same,1
1134,different,25
1027,different,36
226,different,9
270,different,6
3685,same,0
2165,same,2
537,different,28
216,different,26
185,different,29
3606,same,1
2157,same,2
2591,same,0
466,different,43
1537,different,22
2479,same,0
2187,same,0
1935,different,34
3099,same,2
3714,same,0
1775,different,26
1690,different,15
3449,same,1
2316,same,0
3071,same,0
2563,same,1
3995,same,0
645,different,40
2193,same,1
1299,different,8
88,different,40
2362,same,0
1765,different,51
3959,same,0
1539,different,34
76,different,28
1097,different,20
3850,same,0
681,different,48
2871,same,0
3283,same,1
2227,same,0
26,different,12
3454,same,0
1128,different,31
1958,different,24
3729,same,0
3996,same,1
1544,different,11
1397,different,34
3263,same,0
1634,different,10
1536,different,9
2980,same,0
3549,same,2
2104,same,0
3856,same,0
2243,same,0
2618,same,0
2511,same,0
3200,same,0
3710,same,0
2953,same,0
704,different,29
2783,same,0
1441,different,16
3943,same,1
3036,same,0
671,different,29
1902,different,31
955,different,28
2748,same,0
3400,same,3
3810,same,1
1195,different,25
886,different,13
3618,same,0
2669,same,0
2915,same,0
1611,different,17
744,different,29
2535,same,0
1365,different,24
1336,different,26
2265,same,0
3453,same,1
2665,same,0
3386,same,4
1899,different,11
1643,different,25
501,different,35
3372,same,1
1288,different,17
2002,same,1
2126,same,0
3733,same,1
865,different,34
642,different,27
1060,different,35
2716,same,0
3500,same,0
3939,same,0
1800,different,27
2860,same,0
1747,different,8
1392,different,22
266,different,30
1234,different,16
1154,different,22
3248,same,0
3385,same,1
2359,same,0
3751,same,0
1159,different,37
262,different,32
1627,different,31
3592,same,0
2929,same,3
3563,same,1
67,different,22
2571,same,0
3445,same,0
1331,different,27
2031,same,0
2642,same,0
3684,same,1
2696,same,0
861,different,30
1833,different,14
3084,same,0
1094,different,26
837,different,29
2423,same,2
3655,same,0
2710,same,1
887,different,21
3701,same,0
87,different,27
1789,different,5
864,different,12
2800,different,11
1557,different,48
3664,same,0
304,different,15
3784,same,2
3092,same,0
1710,different,19
2661,same,2
3007,same,1
2407,different,11
2344,same,1
3969,same,0
1603,different,20
3564,same,0
3296,same,0
3058,same,1
2708,same,0
1072,different,22
2876,same,0
3047,same,0
769,different,38
1960,different,30
157,different,30
1871,different,25
368,different,11
2839,same,0
1223,same,10
263,different,21
127,different,21
3572,same,0
3894,same,0
2409,same,1
606,different,30
1190,different,22
1070,different,26
3155,same,2
2307,same,0
2913,same,0
2402,same,0
1859,different,9
395,different,15
937,different,26
791,different,29
3035,same,1
2845,same,0
1118,different,22
3439,same,0
398,different,39
2865,same,1
726,different,25
2901,same,1
253,different,10
1379,different,10
2305,same,1
1164,different,8
1637,different,26
2916,same,0
1110,different,30
2128,same,0
658,different,15
2898,same,0
2309,same,0
510,different,35
342,different,8
470,different,19
948,different,38
634,different,27
1684,different,27
294,different,24
3947,same,0
1414,different,40
1954,different,18
1924,different,37
2857,same,1
2985,same,0
2474,same,0
203,different,26
717,different,16
3695,same,0
2903,same,0
2040,same,0
611,different,29
460,different,13
35,different,15
1321,different,25
2884,same,2
2079,same,0
3000,same,1
862,different,28
1776,different,51
3153,same,0
966,different,31
1471,different,42
1956,different,34
2516,same,0
1390,different,12
2334,same,0
2013,same,1
788,different,20
3108,same,0
221,different,21
1270,different,21
1655,different,29
3337,same,0
119,different,23
3135,same,0
3133,same,0
1891,different,31
176,different,29
3082,same,0
306,same,12
2697,same,0
1794,different,31
2118,same,1
497,different,32
2926,same,0
2728,same,0
1344,different,40
647,different,35
3118,same,0
3544,same,0
3199,same,0
3464,same,0
2410,same,0
1472,different,16
479,different,26
3708,same,0
2612,same,0
2625,same,0
86,different,37
1148,different,17
3330,same,1
1493,different,8
1149,different,6
296,different,34
2398,same,0
3777,same,0
3038,same,0
2142,same,0
1044,different,25
3704,same,0
2011,same,0
3539,same,1
1823,different,26
3117,same,0
3605,same,1
2704,same,0
415,different,33
811,different,34
3950,different,24
1858,different,6
1450,different,27
1910,different,29
1737,different,36
1487,different,34
1614,different,32
2293,same,0
3649,same,4
2159,same,0
370,different,25
1725,different,11
3394,same,0
691,different,17
3093,same,0
725,different,32
312,different,34
3774,same,1
284,different,12
1132,different,27
3278,same,0
2030,same,0
2287,same,0
3338,same,1
89,different,35
1834,different,26
3617,same,1
1554,different,41
1413,different,7
3742,same,0
2337,same,3
8,different,30
428,different,29
2686,same,2
3825,same,0
2167,same,0
977,different,8
3224,same,0
3302,same,0
349,different,20
3593,same,2
338,different,21
1424,different,34
1874,different,30
147,different,24
1807,different,7
2062,same,1
3737,same,0
250,different,20
3502,same,3
992,different,22
3380,same,2
715,different,10
1560,different,25
2475,same,0
3220,same,1
116,different,28
3591,same,0
588,different,30
2323,same,1
143,different,22
2443,same,1
2350,same,4
1213,different,27
1498,different,34
3392,same,0
1581,different,13
2390,same,0
452,different,9
128,different,30
736,different,35
1600,different,5
3958,same,0
3693,same,0
3492,same,0
3946,same,0
2007,same,0
918,different,38
7,different,32
1749,different,8
3322,same,0
3175,same,0
3613,same,0
3481,same,0
3900,same,1
1945,different,27
386,different,28
16,different,33
3604,same,1
699,different,10
3843,same,5
3925,same,1
3972,same,1
2613,same,1
2663,same,0
3164,same,0
3080,same,0
2485,same,0
1917,different,9
3217,same,0
1809,different,13
3616,same,0
2717,same,0
220,different,32
3944,same,0
1490,different,27
1569,different,11
3457,same,0
1187,different,14
433,different,22
2765,same,2
2659,same,0
485,different,26
1750,different,14
1389,different,5
2170,same,2
44,different,25
3697,same,0
1197,different,16
3672,same,1
1338,different,38
1718,different,33
1369,different,21
3124,same,0
3993,same,2
2038,same,2
445,different,15
2730,same,1
2705,same,0
2095,same,0
3848,same,0
282,different,34
737,different,8
2401,same,3
3608,same,0
2911,same,0
684,different,19
2115,same,0
807,different,27
570,different,22
416,different,14
3920,same,1
2640,same,0
2098,same,1
3543,same,0
2786,same,0
3634,same,0
1965,different,14
3814,same,0
3342,same,0
2460,same,0
2161,different,8
264,different,29
2457,same,0
2794,same,2
3358,same,0
182,different,27
2222,same,3
33,different,5
3884,same,0
1254,different,44
1757,different,36
1827,different,24
569,different,43
2272,same,0
2470,same,1
3722,same,0
1983,different,25
2020,same,0
1577,different,34
3821,same,0
78,different,19
2714,same,0
3598,same,0
3902,same,0
3870,same,0
1676,different,19
114,different,36
3237,same,1
1717,different,16
535,different,28
3294,same,0
2298,same,0
487,different,13
3721,same,0
2415,same,1
2997,same,2
1975,different,27
2826,same,0
3193,same,0
3257,same,0
2135,same,0
993,different,18
191,different,19
326,different,40
3853,same,0
1819,different,35
3287,same,0
1456,different,25
1934,different,23
1025,different,25
2422,same,0
295,different,26
3982,same,0
2027,same,0
2463,same,0
1728,different,18
1375,different,29
3510,same,0
2091,same,1
2289,same,0
372,different,28
62,different,33
3865,same,0
448,different,37
596,different,30
1781,different,33
2484,same,0
1567,different,21
2403,same,1
3757,same,0
1873,different,14
492,different,30
121,different,34
2598,same,0
1545,different,37
801,different,15
1543,different,26
845,different,6
814,different,12
624,different,41
2649,same,1
3435,same,1
493,different,30
3370,same,1
1001,different,34
1822,different,30
1289,different,23
118,different,25
995,different,11
3023,same,0
3515,same,1
2356,same,1
1084,different,22
1395,different,33
2673,same,2
1069,different,32
677,different,26
2592,same,0
3830,same,2
2517,same,0
107,different,38
1194,different,15
545,different,28
530,different,14
3470,same,1
1705,different,28
373,different,22
3190,same,0
1209,different,12
563,different,26
3247,same,2
618,different,25
3368,same,0
3537,same,1
2804,same,1
2750,same,1
2286,same,0
741,different,28
1356,different,26
1626,different,15
664,different,20
2016,same,0
12,different,33
2450,same,0
2174,same,0
145,different,36
889,different,12
2471,same,0
1866,different,39
97,different,14
1752,different,10
2005,same,0
2024,same,2
2897,same,1
1564,different,17
3042,same,0
3125,same,0
1837,different,27
2291,same,0
472,different,29
3393,different,14
2348,same,0
2943,same,1
2081,same,1
2731,same,1
1847,different,35
504,different,24
3215,same,0
3438,same,0
2253,same,1
2375,same,0
961,different,29
2777,same,0
3011,same,0
3767,same,0
3550,same,0
2698,same,0
1900,different,33
2695,same,1
1131,different,29
149,different,26
2518,same,0
1192,different,16
831,different,20
1743,different,12
2459,same,0
28,different,34
3411,same,0
2451,same,0
120,different,34
1479,different,32
2103,same,1
3208,same,0
3565,same,0
3455,same,0
3472,same,1
2045,same,0
1768,different,20
1486,different,33
3230,same,0
268,different,24
2236,same,0
2767,same,0
2477,same,0
1147,different,36
733,different,13
951,different,25
515,different,19
823,different,34
1255,different,5
1412,different,11
2302,same,1
1651,different,29
3154,same,3
2790,same,1
1096,different,19
1121,different,8
1291,different,20
2565,same,0
3353,same,0
1512,different,32
800,different,19
276,different,36
740,different,21
1181,different,24
496,different,11
3166,same,0
1355,different,11
3371,same,1
161,different,22
2329,same,1
1124,different,27
1606,different,26
1769,different,24
1432,different,14
3465,same,0
1199,different,25
3863,same,0
1868,different,12
278,different,39
355,different,35
3068,same,0
954,different,22
319,different,30
3270,same,0
3026,same,1
2508,same,0
1724,different,35
1436,different,23
3741,same,0
72,different,34
3965,same,0
2737,same,1
2646,same,0
2225,same,0
522,different,36
153,different,26
350,different,32
3912,same,1
2529,same,0
2688,same,0
964,different,11
2322,same,0
3901,same,1
710,different,21
3505,same,0
3113,same,0
3466,same,0
1442,different,13
458,different,30
2224,same,1
235,different,27
2858,same,0
559,different,31
2094,same,0
2195,same,0
371,different,13
731,different,29
3460,same,0
2047,same,1
3034,same,0
1671,different,36
591,different,25
3049,same,0
211,different,42
1801,different,30
1295,different,23
3469,same,0
6,different,25
1231,different,8
2320,same,0
900,different,27
3089,same,0
996,different,36
730,different,27
1109,different,25
2923,same,0
853,different,30
2827,same,0
3917,same,1
1473,different,53
243,different,28
1911,different,43
2620,same,2
